CPF,Nome,Idade,Sexo,Email,Nota ENEM,Abandono,Qual Semestre,CRA após o 2º Semestre,CRA após o 4º Semestre,CRA após o 6º Semestre
52421745257,Anthony Bradshaw,26,Feminino,costarobert@example.com,716,False,,7.19,9.98,9.5
80197789708,James Cantu,24,Masculino,kevincrawford@example.net,680,True,2.0,6.95,8.57,5.6
70391555926,Karen Weeks,19,Feminino,avang@example.com,696,True,4.0,5.65,8.87,5.61
64197146962,Rachael Walsh,23,Feminino,bullockrenee@example.com,703,True,7.0,6.11,7.41,8.75
50027884117,Nicole Morris,19,Feminino,ashleywagner@example.org,738,False,,9.6,7.89,9.92
96172214789,Johnathan Small,25,Masculino,pmoreno@example.com,727,False,,6.0,8.68,9.14
15236677092,Melissa Olson,21,Feminino,ericasmith@example.com,716,False,,6.36,6.2,9.9
22148889025,Jennifer Sanchez,27,Feminino,thompsonbrandon@example.com,724,True,5.0,7.55,8.14,6.59
24017336458,Mr. Keith Scott,22,Feminino,john12@example.org,683,False,,8.33,7.14,8.34
31004074555,Brittany Blackwell,18,Masculino,douglaspeterson@example.net,753,True,6.0,7.6,7.98,7.34
42328523070,Samantha Davis,21,Feminino,tbaxter@example.net,646,True,8.0,7.76,7.24,7.1
1091822152,Ashley Weber,28,Masculino,hortoncynthia@example.net,715,False,,7.1,6.27,7.54
47939279321,Cody Hanson,23,Masculino,michaelrussell@example.com,793,True,1.0,9.29,7.76,5.41
67184731793,Gary Barker,22,Feminino,bruceschroeder@example.com,760,True,4.0,7.79,9.9,9.44
70386945801,Kim Miller,25,Feminino,chrisnorton@example.org,709,False,,9.11,5.7,6.88
71332970422,Kara Hahn,23,Feminino,thomas76@example.net,713,False,,8.55,9.85,9.4
78493368473,Brandi Carr,19,Masculino,vazquezjoseph@example.org,791,True,8.0,5.52,7.45,6.0
67221643993,David Kelly,22,Masculino,jordanbryan@example.org,716,False,,8.6,8.2,9.48
604759309,Dr. Tamara Tran,24,Masculino,theodore47@example.net,646,False,,8.38,8.75,6.51
81621644732,Julie Adams,23,Feminino,huntjeffery@example.net,720,True,1.0,8.7,6.53,9.54
42639191052,Cristina Mcmahon,24,Feminino,rmosley@example.net,671,False,,8.73,5.33,6.18
90257659578,Alexis Rios MD,25,Masculino,ronald10@example.com,713,False,,9.22,5.48,9.83
45554444218,Brian Taylor,25,Masculino,mckenziestacy@example.org,780,False,,8.77,6.69,8.48
91143333361,Sara Williams,27,Feminino,tmendez@example.net,670,True,2.0,5.0,8.59,9.33
63183575958,Jill Hernandez,25,Feminino,catherineoliver@example.com,669,False,,6.37,6.4,9.47
87894778485,James Salazar,27,Feminino,harringtonlaura@example.com,659,False,,6.8,8.31,6.99
22662484403,Elizabeth West,27,Masculino,tavery@example.com,777,True,5.0,7.28,9.98,9.9
77855416832,Sabrina Robinson,21,Feminino,rreynolds@example.org,786,True,3.0,9.2,7.8,9.95
8925106239,Amy Phillips,27,Masculino,lisa36@example.org,664,False,,9.42,7.97,6.49
64824905990,David Harris,24,Masculino,raymond52@example.org,678,False,,9.72,5.38,6.48
21542355274,Mitchell Schneider,25,Masculino,lydiajones@example.net,672,False,,8.18,8.66,6.25
67537106416,John Carpenter,26,Feminino,laceydunn@example.com,790,False,,6.93,6.36,6.54
37524885087,Laura Burgess,22,Feminino,rthompson@example.com,658,False,,7.24,9.91,6.12
83369750731,Amy Patrick,18,Feminino,wchase@example.com,696,False,,5.61,6.16,5.74
40071485791,Christine White,20,Feminino,wongdonald@example.com,765,False,,6.13,7.3,9.27
71437507575,Dr. Ellen Anthony,21,Masculino,daviddavis@example.com,770,False,,9.22,5.15,9.58
98008095176,Gabrielle Smith,24,Masculino,andrea00@example.net,752,False,,6.53,6.17,6.46
84976333250,Jessica Wright,26,Feminino,donaldpeterson@example.com,727,False,,7.67,9.16,9.98
67043206471,Benjamin Rivera,26,Masculino,michelle92@example.net,697,False,,6.29,5.85,7.89
99299462784,Ana Lopez,28,Feminino,stephaniemooney@example.com,640,False,,7.1,9.87,7.24
30134293544,Raymond Nelson,20,Feminino,anthonyhorn@example.org,674,False,,5.2,7.57,6.24
65053436262,Amanda Brown,20,Feminino,zjohnson@example.org,660,True,3.0,6.8,8.51,7.81
24295491703,Derek Combs,19,Masculino,lyonsdominic@example.org,662,True,1.0,5.55,8.29,6.82
67461584535,Jeffrey Olson,25,Feminino,jasondaugherty@example.com,779,True,7.0,6.55,9.65,6.44
402039596,Cynthia Martinez,26,Feminino,kgomez@example.com,787,True,3.0,6.7,6.38,9.93
15306762859,Todd Valdez,28,Masculino,chorton@example.org,701,True,7.0,5.28,5.1,7.3
26056346148,Sharon Adams,18,Masculino,trussell@example.net,655,True,7.0,9.51,5.48,6.51
95237762406,Aaron Johnson,23,Masculino,elizabeth58@example.net,643,True,7.0,7.51,9.68,9.92
50257143225,Penny Bowman,21,Feminino,lisapotts@example.com,759,False,,9.36,7.6,5.21
46358843135,Rebecca Clark,18,Feminino,pattonanna@example.net,770,False,,5.47,6.86,9.16
58941324528,Angela Ramos,26,Feminino,heather86@example.net,753,False,,9.1,9.49,7.63
24813185120,Jeanne Moore,23,Masculino,manningtimothy@example.org,682,True,1.0,7.3,7.67,9.82
57118263824,Jessica Jacobs,19,Feminino,gregory93@example.com,743,True,4.0,8.7,6.5,5.42
35154319039,Sabrina Thomas,26,Feminino,lhanson@example.net,708,False,,9.77,5.95,9.26
32721133795,Amber Smith,19,Masculino,kathryngraham@example.net,682,False,,7.6,6.27,6.19
94056332505,Kenneth Cohen,20,Masculino,terriaguirre@example.net,667,False,,5.93,9.54,5.29
46302191625,Elizabeth Smith,20,Feminino,bennettkimberly@example.org,738,True,2.0,9.28,7.95,9.63
67462918262,Angela Woods,26,Feminino,tonynelson@example.org,685,False,,9.2,9.91,7.88
5978987769,Eric Wright,22,Feminino,david16@example.com,679,True,6.0,7.53,6.1,9.2
52537475630,Michael Ramos,22,Feminino,xcruz@example.com,784,False,,9.94,9.31,5.9
64409508823,Larry Simmons,20,Masculino,nelsonedward@example.net,709,False,,6.78,5.4,8.68
39932643829,Theresa Mendez,27,Feminino,vduncan@example.net,706,False,,7.8,5.8,8.85
65067846558,Brian Jones,26,Feminino,vjackson@example.com,792,False,,6.11,7.8,6.77
11249612382,Lisa Petty,19,Feminino,susan49@example.net,683,False,,8.86,6.65,7.52
50618489945,Tracy Lara,26,Feminino,bradleykenneth@example.net,655,False,,6.88,9.92,8.54
61649122626,Hunter Ayala,28,Masculino,jennifer14@example.net,774,False,,8.91,6.88,9.56
69707505103,Joshua Garza,25,Feminino,michelle53@example.org,761,True,7.0,5.2,7.86,7.32
55781898038,Kelsey Sutton,23,Feminino,esantiago@example.org,784,True,3.0,5.73,8.67,8.52
63744608865,Becky Stone,21,Masculino,sanchezsharon@example.com,668,False,,8.74,7.46,7.6
13866544970,Michael Kim,24,Masculino,jennamccoy@example.com,762,True,7.0,8.45,5.53,5.66
75014563261,Erin Miles,25,Masculino,anthonyolsen@example.com,714,True,5.0,7.16,6.72,7.69
14248783603,Anna Jackson,23,Feminino,ccox@example.com,734,False,,5.73,5.21,7.38
32451900446,Matthew Smith,28,Feminino,osbornejessica@example.net,710,False,,8.71,5.18,7.93
21765131956,John Gallegos,25,Feminino,tylerbryant@example.com,728,False,,9.64,8.6,6.85
30513739418,Cody Smith,25,Feminino,abigailwilliams@example.org,720,False,,8.95,8.24,8.54
38823845486,Joanna Stephens,25,Feminino,ecarroll@example.org,691,False,,5.78,8.71,5.85
31069187956,Jessica Anderson,18,Feminino,smithandrea@example.org,772,False,,8.53,9.91,6.54
43115138895,Travis Lewis,26,Masculino,philipdavis@example.net,720,False,,7.9,8.0,8.43
53315532430,David Ramos,28,Masculino,nmorrison@example.org,640,True,2.0,9.85,9.66,9.42
88973776966,James Wood,26,Feminino,jhall@example.com,681,True,4.0,7.61,5.79,8.17
6838274829,Samantha Yoder,21,Feminino,kylevillarreal@example.net,678,False,,6.66,6.39,6.28
36596143980,Jacqueline Warner,19,Feminino,smithkevin@example.net,776,True,1.0,7.7,9.3,9.1
7067011220,Karen Garcia,18,Masculino,dlee@example.com,739,False,,9.65,9.11,8.42
40474156248,Dr. Nicholas Morales,23,Masculino,elizabeth69@example.org,773,False,,9.27,6.7,7.56
98935391588,Johnathan Villarreal,20,Masculino,jonathan57@example.com,778,False,,9.69,8.75,9.1
87112731093,Morgan Ramirez,28,Feminino,evanstimothy@example.com,697,True,8.0,8.25,9.75,6.27
17589142105,Andrew Garcia,25,Feminino,mary40@example.net,714,False,,6.4,9.36,8.69
79756923711,Melissa Lynch,25,Feminino,jphillips@example.com,735,False,,7.66,7.69,6.29
51724729974,Jessica Oliver,28,Feminino,wilsondebra@example.net,768,True,3.0,8.51,7.7,7.86
93337843212,Teresa Wu,19,Feminino,bgriffin@example.com,679,True,6.0,5.79,5.57,5.23
45068975430,Carol Reyes,24,Masculino,wandaburns@example.org,675,True,4.0,5.9,5.9,5.68
9336185217,Zachary Buchanan MD,18,Feminino,marquezkaren@example.com,797,False,,6.35,9.37,9.6
92318533254,Michael Sharp,18,Masculino,mark83@example.com,800,False,,6.93,6.78,7.41
37325768595,Ana Michael,26,Feminino,burgessjoseph@example.org,769,False,,7.89,6.12,7.15
65463225892,Nancy Meyer,22,Masculino,megancollins@example.org,701,True,4.0,9.95,8.14,7.92
93289081055,Anthony Osborn,21,Feminino,harold51@example.org,705,False,,6.39,5.95,9.13
52671764350,Michael Potts,23,Feminino,regina66@example.com,757,False,,8.36,7.96,6.68
39744637470,Brian Burns,28,Feminino,georgegarcia@example.org,752,False,,7.72,9.73,5.1
63029867160,Valerie Carpenter,27,Masculino,glassscott@example.net,642,False,,5.48,5.85,8.89
88916598212,Mark Rosario,27,Feminino,jmontoya@example.net,786,False,,5.86,8.54,7.9
40544189156,Angela Berry,19,Feminino,kevin25@example.org,699,True,4.0,7.54,5.46,5.73
60302580588,Maria Gill,28,Feminino,thomas93@example.com,674,False,,7.41,8.81,5.3
93538763630,Stanley Norton,24,Masculino,amoyer@example.com,766,False,,5.99,9.4,9.63
9160260794,Robert Porter,26,Feminino,tgray@example.com,648,False,,6.91,7.97,9.2
56855961322,Michael Villanueva,24,Masculino,jjackson@example.com,788,True,7.0,9.36,8.9,8.55
93419515954,Lisa Mcclain,27,Feminino,lambertpeter@example.net,727,False,,7.59,5.43,7.12
71818851221,Don Miller,19,Masculino,paigegoodwin@example.net,669,True,7.0,7.7,5.53,7.9
47735752303,Samuel Pena,28,Masculino,gkelly@example.com,691,False,,5.64,6.29,8.94
50147799884,Andrew Santos,20,Feminino,williamsphyllis@example.org,790,False,,9.71,5.18,5.76
29175419268,Carrie Gibson,22,Feminino,gilberttammy@example.org,655,False,,6.97,5.91,5.65
62890223409,Michael Robinson,22,Feminino,derrick07@example.net,699,False,,5.8,7.1,9.25
68886854911,Carol Mora,23,Masculino,katherinecurry@example.net,748,True,2.0,5.28,5.58,7.51
4320137193,Thomas Wells,21,Masculino,brenda04@example.org,690,False,,7.2,5.99,8.85
7024798906,Julie Stewart,24,Masculino,craigjohnson@example.org,706,True,6.0,5.34,6.16,5.47
96245473610,Steven Ross,27,Feminino,sheri26@example.org,729,False,,7.64,6.19,8.79
88329516215,Christopher Wilkins,23,Feminino,johnsonsergio@example.com,658,False,,6.36,8.81,5.25
35888996566,Carolyn Bell,22,Feminino,ryan09@example.org,717,True,5.0,5.82,6.72,8.3
60737333181,Sherry Smith,25,Feminino,carlosmejia@example.com,757,False,,8.92,7.33,8.73
43863897394,Daniel Bowman,24,Feminino,jocelyn57@example.org,640,False,,5.72,9.26,5.88
601863078,Nicholas Cooper,21,Masculino,qfreeman@example.org,649,True,8.0,9.63,9.76,5.62
99693284812,Alex Benson,22,Masculino,morganlori@example.net,701,False,,7.6,6.33,7.66
93743440421,James Ford,26,Masculino,bradley91@example.org,660,False,,5.7,8.17,5.67
50955217466,Brandon Fischer MD,19,Masculino,santiagoheidi@example.net,743,False,,9.64,8.94,8.44
87463336988,Christopher Zimmerman,25,Feminino,christinabarber@example.com,784,False,,5.45,8.2,7.3
54312807685,Nichole Joyce,18,Feminino,julia84@example.org,782,True,5.0,7.1,6.7,5.82
70121038051,Alicia Peterson,20,Feminino,kellyclements@example.net,774,False,,9.77,6.76,8.6
47516650907,Jessica Johnson,27,Feminino,debrachurch@example.com,763,True,2.0,7.68,9.2,8.7
31993653300,Tracy Donaldson,28,Masculino,christopher08@example.net,665,False,,7.84,7.9,9.79
65675361098,Tamara Jones,20,Feminino,katherine67@example.org,646,False,,8.49,9.9,6.11
55162712476,Jesus Chen,19,Feminino,dporter@example.org,748,False,,5.15,8.56,6.19
11202881478,Mark Walker,26,Masculino,owhite@example.org,671,False,,6.11,7.15,6.8
19307958645,Katherine Drake,21,Masculino,hmann@example.org,729,True,5.0,8.93,7.92,8.83
3899775264,Misty Smith,23,Feminino,johningram@example.com,777,False,,6.46,7.21,9.2
99224264438,Gavin Tran,24,Feminino,xross@example.com,780,False,,8.57,5.55,5.37
97646324374,Jill Henson,20,Masculino,david85@example.org,684,True,1.0,8.86,6.26,5.45
72159298901,Jeremy Clarke,21,Feminino,wwhitaker@example.net,786,False,,7.5,8.1,8.29
94638481017,Megan Farrell,18,Feminino,marcus94@example.net,649,True,6.0,7.62,6.31,7.36
84021991445,Ronnie Jones,28,Masculino,helenrocha@example.com,649,False,,6.74,5.58,5.54
41359058469,Kenneth Jimenez,23,Feminino,brookefreeman@example.com,749,False,,9.86,7.16,9.73
84997144018,Cynthia Roach,28,Feminino,gregory22@example.org,764,True,2.0,5.19,9.97,7.56
73777253839,John Turner,23,Feminino,perezcarrie@example.org,730,False,,7.66,7.55,8.93
17446648822,Mr. Jeffrey Hart,21,Masculino,brittany80@example.com,795,False,,8.37,6.73,6.2
93067637089,Tanya Miranda,25,Feminino,haydenchris@example.com,796,True,3.0,9.46,7.11,9.6
34812194970,James Shepard,26,Masculino,millerjohnny@example.org,654,False,,6.74,9.36,8.19
75778937951,Paul Jackson,27,Feminino,parkerbrian@example.com,794,False,,5.77,5.18,6.46
83297521175,Loretta Smith,23,Feminino,michaelgarcia@example.com,656,True,2.0,8.25,9.37,9.24
72220300573,Kaitlyn Davis,27,Feminino,donna18@example.org,661,False,,5.4,6.51,5.0
34172183655,Karen Noble,22,Feminino,lopezchelsea@example.net,800,False,,8.31,8.67,9.84
87813488440,Jennifer Schmidt,22,Masculino,gsmith@example.org,736,True,8.0,9.59,7.82,5.68
78172061565,Mitchell Williams,26,Masculino,urojas@example.org,755,False,,5.64,5.42,9.14
16809782687,William Chandler,18,Masculino,andrew56@example.net,719,False,,9.55,5.69,7.37
44941863275,Gregory Walker,21,Masculino,dawsonstacy@example.com,709,False,,8.3,8.4,7.46
10007290115,Amy Foster,18,Feminino,jenniferparker@example.org,789,False,,6.42,7.94,8.17
95299187918,Keith Potter,22,Masculino,jennifer26@example.net,717,False,,6.92,5.85,8.56
24061659490,Jason Trevino,20,Masculino,michael19@example.com,685,True,8.0,6.73,7.59,9.77
96698011582,Justin Miller,18,Feminino,sawyersteven@example.com,685,True,2.0,7.66,6.9,7.87
40051486244,Thomas Johnson,27,Masculino,jasonbrown@example.net,742,False,,5.93,6.5,9.48
14426782581,Michele Fischer,26,Feminino,luisporter@example.org,689,False,,6.54,9.5,7.49
12759461149,Colleen Jones,19,Masculino,darlene94@example.net,696,True,1.0,9.52,6.87,5.1
38670141220,Patricia Burns,20,Feminino,stacylong@example.org,741,True,6.0,5.47,7.58,6.18
85449293643,Brandon Compton,18,Feminino,fnovak@example.org,780,True,6.0,6.8,9.31,6.32
98712506634,Latoya Parrish,24,Feminino,rayjoseph@example.net,641,False,,5.78,7.76,6.6
68567742360,Christine Kim,20,Feminino,thomasmark@example.net,700,True,8.0,9.14,9.6,9.91
85458973533,Richard Olsen,22,Masculino,bellchristopher@example.net,704,False,,8.37,8.69,7.84
73803054879,Phillip Hill,20,Masculino,petersheather@example.net,729,False,,9.5,8.45,5.59
59501457529,Colleen Stephens,24,Feminino,linda28@example.net,709,True,3.0,8.69,7.1,5.73
46164111683,Elizabeth Cunningham,20,Masculino,karen35@example.net,729,True,7.0,8.18,6.77,6.38
67206265430,John Rodgers,18,Feminino,christopher29@example.org,740,False,,5.5,7.79,6.1
43598302249,Alicia Steele,18,Feminino,barbara33@example.org,781,True,1.0,7.64,8.72,9.12
91477863918,Kevin Martinez,24,Masculino,sylviamiller@example.net,795,True,5.0,7.68,7.45,6.86
66870141928,Meagan Irwin,28,Feminino,mathewsjeffrey@example.com,652,False,,8.86,8.34,8.92
34206353193,Cynthia Saunders,25,Feminino,april38@example.org,783,False,,9.61,5.47,6.21
75038722233,Benjamin Robertson,25,Masculino,longgeorge@example.net,758,False,,9.19,5.25,8.91
75157241847,Susan Yang,24,Masculino,maria55@example.com,742,False,,5.47,5.45,9.18
28617066631,Erika Schultz,19,Feminino,bfleming@example.net,800,False,,5.49,9.42,5.89
52634726965,Gabrielle Todd,25,Feminino,smithkaren@example.com,694,True,1.0,7.6,6.13,7.35
42104883380,Alexa Spencer,27,Feminino,smithabigail@example.org,694,True,3.0,7.24,5.11,6.1
33442689753,Leslie Price,22,Masculino,rsnow@example.com,683,False,,8.78,5.56,5.4
57563605346,Robert Zamora,26,Masculino,njones@example.net,786,False,,8.28,6.89,8.3
67364566780,Jenna Adams,20,Feminino,jill03@example.com,768,False,,7.87,9.24,8.94
14161093631,Shelby Rivas,22,Masculino,melanie45@example.org,752,False,,9.9,8.35,8.71
52847134274,Kyle Moore,25,Feminino,rodriguezbradley@example.org,758,False,,9.34,6.51,8.65
49635462264,Mia Wilkerson,28,Feminino,zcarney@example.org,706,False,,7.2,5.48,7.48
35609055542,Cynthia Huang,22,Feminino,heatherknapp@example.org,706,True,1.0,9.74,6.8,9.91
50530439732,Thomas Williams,21,Feminino,qbarker@example.net,640,False,,8.78,9.73,7.8
2573611603,Jennifer Smith,23,Feminino,sharon84@example.com,773,False,,6.66,5.36,5.59
77403681204,Angelica Fox,20,Feminino,foconnell@example.org,727,False,,7.71,6.4,9.69
15731946223,Tracy Hamilton,20,Masculino,natalie66@example.org,717,True,6.0,6.89,9.92,6.1
35942206244,Joshua Sutton,18,Feminino,dennis10@example.com,687,True,5.0,6.7,9.9,8.1
4019097326,Sarah Barnett,26,Feminino,rileycharles@example.net,773,False,,7.8,6.49,8.14
55102158513,Cathy Serrano,21,Feminino,pgarcia@example.net,737,False,,7.69,9.4,5.43
64477407611,Kelli Thomas,26,Feminino,briansmith@example.com,788,True,6.0,6.1,8.14,8.7
27769863755,Monica Jenkins,19,Feminino,williamsjames@example.org,726,True,5.0,7.44,8.2,6.49
22813215971,James Miller,20,Feminino,johnathan34@example.com,677,False,,5.95,8.17,9.6
21852940746,Veronica Brown,18,Feminino,flemingsuzanne@example.net,778,False,,7.85,6.28,8.69
9060267329,Sandra Johnston,21,Feminino,evanschad@example.com,759,False,,6.57,6.97,5.95
82257697046,Christopher Drake,23,Masculino,amycampbell@example.com,671,False,,6.64,7.88,5.62
56673673067,Danielle Hernandez,19,Feminino,christophermiller@example.net,686,True,6.0,7.29,8.32,5.69
97652046170,Jennifer Marshall,27,Masculino,larry06@example.net,654,False,,8.19,9.2,9.71
68816178496,Matthew Wilkinson,28,Masculino,brownraymond@example.com,795,False,,9.17,9.2,7.62
28759555476,Robert Galloway,22,Masculino,bellmichael@example.net,793,False,,7.99,5.74,9.76
17944915627,Christopher Cortez,19,Feminino,fwilson@example.com,705,False,,9.94,6.7,8.36
79736370276,Heather Barton,25,Masculino,alvarezamanda@example.com,777,False,,6.53,9.71,7.29
96700092076,Julie White,23,Masculino,obarton@example.org,690,True,5.0,7.74,6.21,5.52
11824419303,Eric Rice,23,Feminino,michael18@example.net,708,False,,8.6,7.67,9.86
71228020968,Todd Cole,20,Feminino,pagemeagan@example.net,641,True,7.0,6.58,7.3,9.61
30963742782,Dakota Patel,28,Feminino,edwardskristi@example.net,694,False,,6.61,9.7,5.23
84555616697,Craig Bass,26,Feminino,hbell@example.com,771,True,7.0,8.19,5.75,5.32
72466564348,Michael Stark,28,Masculino,laurenduffy@example.com,733,False,,6.16,8.79,7.14
5317827890,Chelsea Solomon,27,Feminino,lthomas@example.net,655,False,,5.12,5.11,8.1
38978303901,Christina Sanchez,18,Feminino,pbrown@example.org,688,True,2.0,9.23,5.69,8.3
7530896651,Scott Gonzalez,19,Masculino,elizabethmcdaniel@example.net,791,False,,8.8,6.6,8.4
53485175501,Joshua Hall,27,Feminino,jamesreyes@example.net,794,False,,6.7,7.88,8.72
15956076832,Cory Johnson,19,Masculino,jelliott@example.com,726,False,,9.48,7.81,8.29
74056767856,Bruce Bowers,26,Feminino,fuentescaitlin@example.net,708,False,,8.79,9.38,5.87
98896868655,Natalie Long,18,Feminino,john31@example.com,759,False,,5.51,8.76,8.37
91207737021,John Clements,28,Masculino,barbarafreeman@example.com,695,False,,8.61,6.84,8.96
9315754120,Michael Simmons,27,Masculino,susansanchez@example.org,690,False,,8.84,8.63,8.13
67557257998,Matthew Long,21,Feminino,johnking@example.net,690,True,5.0,8.15,7.34,7.41
97860931968,Jacqueline Christensen,27,Masculino,anthonyhanson@example.org,752,True,7.0,9.4,8.87,6.39
16576440534,Mr. Michael Camacho PhD,28,Feminino,parkeradam@example.com,729,False,,5.78,5.59,6.71
96280796609,Sandra Figueroa,22,Feminino,chill@example.org,643,False,,6.99,7.38,6.93
56060525774,Nicholas Bell,23,Feminino,mary91@example.org,642,False,,8.3,8.55,5.42
61697227701,Ms. Kimberly Carrillo,25,Masculino,nealkristie@example.net,752,False,,9.39,7.94,8.84
99705323112,Brandy Brown,27,Feminino,carolhoffman@example.org,782,True,3.0,9.16,7.72,6.12
85796984523,Jodi Harrison,22,Masculino,nsmith@example.org,795,False,,7.18,6.2,7.66
71809593396,Veronica Cooper,21,Feminino,fpearson@example.net,641,False,,7.35,5.2,7.59
82007792814,Miguel Miller,22,Feminino,aclay@example.org,772,False,,8.47,6.58,7.57
21819798637,Kaitlyn Smith,23,Feminino,pfuller@example.net,726,True,1.0,9.57,8.69,9.43
29928597055,Robert Hunter,23,Feminino,fmartin@example.org,774,False,,5.58,5.61,5.85
39959906372,Kimberly White,21,Feminino,meganhodges@example.net,728,True,6.0,8.47,5.0,5.27
33661116860,Carol Lindsey,27,Feminino,bradley84@example.net,672,True,7.0,7.63,8.24,8.2
42336867765,Melanie Guerrero,22,Masculino,nelsonruth@example.net,708,False,,6.7,7.66,6.3
2265077396,Angela Bautista,26,Feminino,julie82@example.org,650,False,,7.8,6.57,9.21
7042203595,Sydney Mercado,19,Feminino,jasminerobertson@example.net,736,True,1.0,6.67,8.5,6.5
43117179552,Lauren Oneill,23,Feminino,moorejulia@example.net,789,True,1.0,6.75,9.14,6.49
81946499498,Jeanne Becker,19,Feminino,jeffery29@example.com,665,False,,8.78,5.84,9.67
29628566876,Mercedes Smith,28,Masculino,lhall@example.org,645,True,8.0,5.54,6.74,6.18
47815631797,Angie Eaton,21,Masculino,randywarren@example.com,699,False,,7.77,5.9,5.29
80778604990,Melissa Macias,18,Feminino,russellkelly@example.net,663,False,,8.19,7.72,5.27
10614521611,Travis Dillon,19,Feminino,amberbaker@example.org,733,False,,7.46,6.95,9.86
4962135765,Regina Randall,23,Feminino,carrbrian@example.com,695,False,,9.84,7.75,6.78
92450912553,Amber Smith,23,Masculino,kevin56@example.com,669,False,,9.4,6.53,8.78
4481155539,James Oliver,23,Masculino,catherineforbes@example.org,718,False,,5.44,6.73,8.99
5811628550,Francisco Martin,26,Feminino,fstokes@example.org,798,True,7.0,9.46,6.23,5.34
9254758576,Laura Buchanan,26,Feminino,jrichmond@example.net,779,False,,7.64,8.34,7.7
95095018298,Dennis Peters,21,Masculino,erin29@example.net,670,True,5.0,8.3,9.4,8.46
49375685708,Thomas Hall,28,Masculino,geraldbaker@example.com,767,False,,7.35,6.14,8.26
33792421983,Nicole Gates,19,Masculino,juareztaylor@example.com,661,False,,9.89,6.39,9.12
19582689412,Stacie Jordan,28,Masculino,ffowler@example.com,739,True,4.0,8.56,8.56,9.56
87337350755,Mark Oconnor,26,Masculino,tranlaura@example.org,695,False,,5.11,6.39,9.21
99582722651,Michael Summers,26,Feminino,mercermichael@example.com,746,False,,6.33,5.26,5.73
834133024,Kimberly Zuniga,25,Feminino,kwood@example.org,689,True,8.0,7.84,8.79,5.48
38258870155,Felicia Galloway,28,Feminino,treyes@example.com,799,False,,7.47,6.27,6.46
31745962787,Antonio Stewart,20,Masculino,alexandra26@example.com,791,False,,5.59,5.3,5.91
26618217505,Jesse Bennett,27,Feminino,ggould@example.net,688,False,,9.28,8.27,5.27
7160909339,Thomas Campbell,25,Feminino,elizabethramirez@example.net,743,True,4.0,8.79,7.57,5.14
87503150432,Mr. Joseph Willis,28,Feminino,aalvarez@example.com,706,True,6.0,5.59,9.63,5.6
58858855989,Catherine Boyer,18,Feminino,deborahpham@example.org,667,True,5.0,7.6,9.61,9.34
70786559091,Angela Carter,18,Feminino,markgonzalez@example.net,670,False,,9.27,7.68,6.34
93218010057,Angelica Gomez,24,Feminino,mitchellcynthia@example.net,747,False,,6.92,6.56,8.61
17889843244,Yvonne Campbell,23,Masculino,kelsey21@example.net,724,False,,9.66,6.15,5.37
36148426168,Justin Smith,24,Masculino,debraodonnell@example.net,723,False,,9.29,6.49,5.7
90759106274,Hannah Brown,28,Masculino,drew04@example.org,647,True,2.0,9.7,6.48,7.73
62114689313,Janet Anderson,28,Masculino,djones@example.org,749,False,,5.16,5.25,8.0
67088601631,Amy Stewart,25,Masculino,jeffreywilliams@example.com,742,False,,9.34,9.29,9.93
58490406302,Kayla Lambert,23,Feminino,wrighttanner@example.org,739,False,,6.7,7.78,7.47
69776434469,Alan Farrell,19,Masculino,jonesteresa@example.com,661,False,,8.24,5.23,8.2
70356143199,Anthony Taylor,22,Feminino,gloveralan@example.com,741,False,,9.2,6.67,6.96
1774386472,Patricia Smith,22,Feminino,anthonycampbell@example.org,652,True,4.0,7.4,9.47,6.27
96567898000,Aaron Sanchez,19,Feminino,nicholascaldwell@example.org,760,False,,5.44,7.88,8.32
44759849744,Joyce Martinez,19,Feminino,mirandahaney@example.com,726,True,4.0,5.64,5.79,7.15
73791195869,Nicholas Sanchez,18,Masculino,hernandezcalvin@example.net,739,False,,5.38,9.53,9.95
89666053268,Michael Goodwin,22,Feminino,travisjones@example.net,673,False,,5.9,9.45,6.18
24727920208,Laura Whitehead,27,Feminino,zaustin@example.com,796,True,7.0,9.21,8.72,9.87
44177362904,Ashley Ramirez,27,Feminino,lromero@example.net,691,True,5.0,6.65,9.79,5.17
93965283438,Austin Cole MD,23,Masculino,anthony23@example.org,707,True,1.0,8.7,5.21,5.99
81235165750,Mr. Anthony Herrera,18,Masculino,smithjames@example.com,765,False,,8.37,9.5,6.99
22990942464,Dale Harmon,22,Feminino,fosborn@example.org,764,True,6.0,5.28,9.34,8.6
88960855955,Glenn Foster,28,Masculino,smithryan@example.com,686,False,,6.4,9.81,9.8
26069200121,Frank Reyes,27,Masculino,wbuchanan@example.com,729,False,,7.81,9.77,5.9
32234760565,Rachel Olson,28,Feminino,ronald47@example.org,718,True,3.0,6.91,7.44,6.77
65796753540,Lindsay Maldonado,27,Feminino,nicole44@example.org,666,False,,9.2,6.56,8.88
21589810214,Gabriel Shea,24,Masculino,garciajoshua@example.com,743,True,2.0,5.41,7.96,6.4
11534324247,Jonathan Davidson,22,Masculino,imoody@example.net,730,False,,7.72,8.89,5.14
26688719495,Brian Knight,19,Feminino,grivera@example.org,795,False,,9.31,9.86,7.21
67433434818,Melissa Parker,26,Feminino,derek84@example.com,657,False,,9.68,7.7,5.57
65799365899,Michelle Russell,19,Feminino,marc63@example.com,699,True,3.0,5.82,7.64,7.82
65315732782,Virginia Osborne,24,Feminino,dianawalker@example.net,718,False,,5.14,6.18,9.64
50325060320,Brandon Lee,25,Masculino,andrewsalyssa@example.net,793,True,8.0,6.59,8.7,9.86
85369157256,James Warren,26,Masculino,brianromero@example.net,654,True,7.0,7.67,7.22,7.88
81641791077,John Walker,23,Masculino,ypierce@example.net,772,False,,8.8,6.14,5.35
66847934354,Lucas Deleon,19,Masculino,lucasdana@example.net,751,False,,8.74,8.64,5.55
54675755080,Stephanie Ford,24,Masculino,romerothomas@example.org,662,True,5.0,5.37,6.4,9.1
48573512834,Carlos Li,25,Feminino,shawn00@example.com,710,False,,5.21,8.91,7.51
66246272309,Susan Williams,19,Feminino,rachelbaird@example.com,765,False,,5.98,5.67,6.95
23627155944,Dustin Mckenzie,24,Masculino,perezrebecca@example.net,716,False,,6.97,5.25,9.57
50890861406,Roberto Williams,22,Masculino,rodriguezjose@example.org,645,True,7.0,5.7,5.79,5.74
25888929690,Jake Carter,19,Feminino,sullivanwillie@example.com,790,True,1.0,5.54,9.44,8.39
18420557061,Hailey Cohen,19,Feminino,manuel93@example.com,670,False,,9.18,8.2,5.41
13624169444,Todd Collins,24,Feminino,juankelly@example.org,776,False,,6.57,7.72,8.57
86531625686,Jennifer Fields,22,Masculino,john05@example.com,768,False,,6.42,8.57,6.3
98269723217,David Bean,22,Feminino,brewersusan@example.org,651,False,,6.21,7.57,6.31
61736944854,Gregory Lozano,18,Feminino,jesse01@example.com,741,False,,9.66,7.57,9.64
55577103891,Nicole Banks,19,Masculino,michael44@example.com,704,True,7.0,9.68,9.35,6.94
85615208740,Gregory James,28,Masculino,knightjesus@example.net,778,True,4.0,9.83,5.6,7.77
12869301675,Elizabeth Price,26,Feminino,bethany46@example.net,738,False,,9.47,8.59,6.75
71077812012,Jessica Thompson,20,Feminino,morganlinda@example.com,769,False,,5.8,5.57,7.96
14138941961,Donald Johnson,20,Masculino,davisgregory@example.org,673,False,,7.79,6.93,6.93
80252446502,Nichole Diaz,28,Masculino,fbass@example.net,764,False,,7.58,6.4,5.5
94793116451,Michael Haynes,27,Masculino,johnnyfigueroa@example.net,744,False,,5.9,8.8,7.47
23511598991,David Saunders,18,Feminino,arobles@example.com,796,True,6.0,9.82,8.67,5.26
25314032148,Brittany Jackson,28,Masculino,jasonbrown@example.com,781,True,7.0,9.28,8.87,5.12
88478188476,Ann Perry,22,Masculino,frussell@example.net,800,True,6.0,9.29,6.57,5.81
88317801087,Benjamin Rice,22,Masculino,sarahgray@example.net,752,False,,8.56,6.96,8.4
91335951004,Martin Ellis,24,Masculino,williambell@example.net,796,False,,8.82,7.8,7.44
42014341608,Vincent Terry,24,Feminino,cvazquez@example.net,689,False,,7.21,5.8,8.45
64441632341,Nathan Oconnor,23,Masculino,christinablack@example.org,740,False,,5.9,6.15,7.5
14553896915,Benjamin Barajas,24,Feminino,martinezdavid@example.net,664,True,4.0,9.78,8.22,9.1
62877962397,Felicia Harrison,18,Feminino,reyesmaria@example.org,798,False,,8.31,8.24,8.57
41776918944,Ronald Miller,22,Feminino,charles38@example.net,763,False,,9.1,7.5,8.55
55299282608,Jeffrey Jones,22,Masculino,travis39@example.com,653,False,,9.5,8.17,7.52
12739046063,Lisa Wilkins,23,Feminino,vgarcia@example.org,665,False,,8.21,7.58,9.92
26934107901,Holly Lewis,23,Masculino,brian83@example.org,762,False,,5.54,7.98,5.1
49873312698,Jacob Figueroa MD,22,Masculino,pgarcia@example.org,694,True,7.0,9.81,6.47,5.45
74674029856,Jeffrey Sanchez,20,Feminino,christopher98@example.org,705,False,,9.7,8.59,5.95
19039664474,Jeffrey Bowers,27,Masculino,cynthiahart@example.net,774,False,,8.39,5.77,9.68
21070535442,Nancy Gilmore,23,Feminino,cguerra@example.net,742,False,,8.86,5.19,6.5
18508458391,Thomas Atkins,21,Feminino,donovanpaul@example.com,736,False,,9.78,9.8,9.83
62607004304,Daniel Harrington,19,Masculino,walkerbobby@example.org,737,False,,9.13,5.28,6.67
56487128455,Matthew Franklin,20,Masculino,brownchristopher@example.org,753,False,,5.6,7.48,5.59
42209640700,Martha Hunter,19,Feminino,steven23@example.org,767,True,2.0,9.57,5.63,9.55
72871546593,Ashley Valdez,23,Feminino,bgill@example.net,689,False,,8.73,7.37,6.79
40992404799,Kimberly English,28,Masculino,brandysullivan@example.com,793,True,6.0,5.13,9.92,8.37
40594316246,Nancy Roberts,26,Masculino,chenderson@example.com,672,False,,8.26,5.86,9.5
13666618213,Linda Owen,23,Feminino,karen52@example.com,642,False,,7.52,7.92,9.22
56319629259,Jennifer Cooper MD,26,Masculino,jason16@example.com,788,True,5.0,6.79,6.35,9.17
30542358585,William Jordan,22,Feminino,pottspeter@example.com,758,False,,5.9,9.56,7.35
92350836333,Carlos Moore,24,Feminino,zking@example.org,735,False,,6.48,8.58,6.17
90411984124,Ellen Rodriguez,23,Feminino,hcoleman@example.com,695,False,,5.9,7.92,5.21
74520235977,Donna Garcia,18,Feminino,samuelaguilar@example.org,767,False,,7.96,8.3,9.36
37617929519,Alexandria Aguilar,21,Feminino,tylerstanley@example.net,777,True,5.0,8.32,6.78,9.5
69479455898,Dylan Harris,20,Feminino,michaelbartlett@example.org,735,True,4.0,6.69,5.74,9.6
74738207373,Joseph Williams,25,Feminino,john83@example.net,775,True,2.0,8.63,7.77,8.6
7965221149,Brooke Jones,25,Feminino,donalddavid@example.com,721,False,,6.92,6.7,7.51
44597465856,Zachary Torres,23,Masculino,deckerbenjamin@example.net,740,False,,9.13,9.95,6.73
70673698621,Roy Leblanc,25,Feminino,danielmoore@example.net,709,False,,9.57,6.85,9.96
84468225363,Todd Buckley,26,Feminino,dawn32@example.com,667,True,6.0,5.6,9.97,7.31
68982215332,Christopher Walker,22,Masculino,pmanning@example.com,653,False,,6.31,6.95,9.48
699229930,Elaine Baird,25,Feminino,wilsonmelissa@example.org,753,False,,9.2,6.91,5.68
91920539502,Mark Kim,22,Feminino,catherine16@example.net,758,False,,8.59,7.28,8.2
32624510391,James Aguilar,25,Masculino,hmason@example.org,797,False,,9.77,5.14,5.9
39448406347,Dean Carson,19,Feminino,kevinhammond@example.net,725,False,,7.35,8.6,5.17
66666121289,Elizabeth Bell,18,Feminino,ehuffman@example.org,694,True,8.0,6.27,9.84,7.7
52596546433,Dylan Morgan,19,Feminino,david07@example.net,652,False,,5.51,9.31,6.47
45606508994,Daniel Stanley,27,Feminino,stephensimpson@example.org,706,True,6.0,5.51,6.69,7.84
98947254699,Patrick Harper,21,Masculino,michaelwade@example.com,715,False,,9.13,9.8,5.33
9503832331,Patrick Bullock,21,Masculino,tom40@example.net,664,True,5.0,5.74,8.15,8.97
698188151,Thomas Douglas,25,Masculino,jenniferwashington@example.org,716,True,6.0,7.2,6.43,7.51
37576046050,Michael Frye MD,21,Masculino,tinagates@example.com,790,False,,5.2,6.47,5.16
33559533743,Michael Boone,20,Masculino,lopezbobby@example.net,659,False,,8.6,8.21,7.35
2478149204,Lisa Smith,19,Feminino,jjohnson@example.net,780,False,,7.86,8.86,9.79
50978666179,Justin Phillips,23,Masculino,masonnelson@example.net,789,False,,7.92,6.69,5.95
12884280197,Stephanie Wade,21,Feminino,johnstonmatthew@example.net,732,False,,5.91,5.94,8.56
74849343334,Jeffrey Olson,26,Feminino,tpowell@example.net,670,False,,5.49,8.73,8.8
21654979332,Melissa Lee,26,Feminino,jennifercoleman@example.com,748,False,,8.54,6.14,6.92
38538182186,Amy Thomas,28,Masculino,steven21@example.com,722,True,5.0,6.0,5.47,9.54
6615258121,Jason Alvarado,26,Feminino,jenniferhansen@example.com,664,False,,8.94,6.23,7.31
20131878094,Brandy Bentley,20,Masculino,davidchristine@example.net,717,True,6.0,6.94,7.83,5.95
95780906789,Amy Martinez,19,Feminino,pmurphy@example.com,654,False,,7.76,6.14,5.98
60752705061,Dana Brown,27,Feminino,nathaniel71@example.com,650,False,,7.36,6.32,5.26
99445957697,Jocelyn Nguyen,18,Feminino,elliottjohn@example.com,786,False,,8.46,9.92,7.72
33644620688,Jessica Lee,23,Feminino,jdavis@example.com,782,False,,9.39,6.52,6.33
52785523198,Mr. Bryan Gonzalez,23,Feminino,maria16@example.com,720,False,,9.34,6.5,8.23
39967547207,Christopher Mitchell,24,Masculino,aguirrematthew@example.org,734,False,,9.37,5.39,8.52
32329838171,John Ross,24,Feminino,vickicook@example.com,726,True,1.0,7.61,6.9,9.71
96059838808,Julie Williams,19,Feminino,jeremy47@example.com,763,False,,7.17,9.9,9.8
61394858032,Sandra Potter,27,Feminino,njones@example.com,703,False,,6.13,7.25,6.77
12732727371,David Wood,27,Masculino,susanpowell@example.org,659,False,,7.73,9.9,9.34
72621441441,Alisha Nunez,22,Feminino,crystalmartin@example.net,748,False,,7.6,8.92,8.66
29828395914,Brian Lopez,24,Masculino,wellscarolyn@example.com,733,False,,7.64,6.5,7.17
99932193383,Thomas Flores,27,Masculino,bethstone@example.net,714,False,,7.4,7.42,5.66
38952101806,Nicholas Smith,28,Feminino,lewisbrittany@example.org,739,False,,7.81,8.81,9.67
97742219528,Joshua Rodriguez,18,Feminino,jensenkristen@example.org,696,False,,5.89,9.76,6.66
81927498076,Alexander Cardenas,20,Feminino,troy07@example.org,722,False,,7.53,5.37,8.86
11530371387,Ashley Harper,22,Feminino,fhicks@example.net,731,True,6.0,8.38,5.3,6.5
16684034236,Derek Zuniga,27,Masculino,zcastro@example.org,759,True,7.0,9.63,6.55,9.45
85376100774,Heather Mathis,26,Masculino,gregorydougherty@example.com,742,False,,9.23,6.31,9.53
95511636154,Bryan Hayes,18,Masculino,robert13@example.net,728,False,,9.28,5.87,5.97
94815952745,Melissa Oneill,20,Feminino,fieldscourtney@example.org,779,False,,6.35,7.29,9.7
23521085358,Jacob Riley,24,Feminino,ebass@example.net,778,False,,9.38,8.49,6.28
68321842820,Timothy Lopez,19,Masculino,gwilliams@example.net,640,False,,5.99,6.84,5.4
27343137838,Miranda Tucker,23,Feminino,victor33@example.org,695,False,,5.92,9.88,6.91
22226472939,Holly Stephens,27,Masculino,laurendavis@example.org,642,False,,7.13,5.8,6.44
54195785985,Michael Dickerson,22,Feminino,lowerobert@example.net,703,True,1.0,9.89,6.36,6.9
13925365034,Jessica Alvarez,20,Feminino,meganleach@example.net,689,True,4.0,6.56,6.91,8.33
18913444269,Elizabeth Cooper,26,Masculino,lisabrown@example.net,658,False,,5.67,8.58,7.44
21455014046,William Clarke,19,Feminino,dwagner@example.com,666,False,,9.64,8.9,8.1
13852116041,Teresa Webster,28,Feminino,michael49@example.org,671,False,,5.9,7.65,8.89
80775579287,James Manning,18,Feminino,tommyortiz@example.com,671,False,,6.94,5.5,9.1
39927814587,Keith White,27,Feminino,esmith@example.net,668,False,,7.92,6.37,9.15
15811594834,Kristen Cooper,22,Feminino,bchaney@example.org,722,True,8.0,7.31,7.52,8.66
7759626634,Jerome Green,19,Masculino,hstevens@example.com,797,False,,5.6,6.48,6.98
10333762392,Sean Montes,18,Masculino,shelleywilson@example.org,715,False,,7.13,7.75,7.86
34186918388,Tricia Peters,22,Feminino,gmalone@example.com,797,False,,9.43,7.65,9.6
83256272420,Michael Weeks,25,Masculino,rebeccareyes@example.com,650,True,6.0,6.26,9.76,7.76
19602480228,Cory Beasley,21,Feminino,daniel66@example.net,765,True,3.0,6.19,5.92,6.52
1638515674,Jonathan Davis,25,Masculino,clarklynn@example.org,696,False,,6.58,8.19,5.51
83262726529,Robert Sullivan,21,Masculino,jillroberts@example.org,714,False,,6.27,6.71,7.44
68790575063,Kristen Phillips,28,Feminino,jenkinstammy@example.com,647,False,,7.7,8.64,5.71
21433191036,Garrett Perez,21,Masculino,collinsmichael@example.org,763,False,,6.82,8.16,7.42
72825286693,Helen Steele,25,Feminino,stacycompton@example.com,718,False,,6.29,8.89,6.18
21926722620,Colleen Castaneda,20,Masculino,woodsrandy@example.org,717,False,,5.69,6.4,6.98
14571526063,Virginia Gonzalez,27,Feminino,morgansamantha@example.org,725,True,1.0,7.82,5.72,7.2
64241076846,Christopher Yates,23,Feminino,walkerjoseph@example.org,696,True,6.0,5.5,8.8,8.25
41930351122,Stephen Jackson,26,Masculino,jeffrey48@example.net,696,True,1.0,7.34,9.0,5.22
58959055507,Veronica Gilbert,25,Feminino,rickperkins@example.com,646,True,4.0,8.6,6.16,9.53
48306249460,Carla Compton,27,Feminino,margaretcook@example.net,793,False,,6.14,8.2,5.54
35346187759,Dawn Shepherd,20,Masculino,briannawebb@example.org,744,False,,8.5,9.3,5.23
80741156734,Robert Johnson,26,Masculino,orrhunter@example.org,655,True,1.0,6.51,7.12,7.59
7613447398,Gabrielle Woods,25,Masculino,alexanderpatricia@example.com,652,False,,8.11,8.8,5.5
66253240052,Jose Anderson,25,Feminino,badams@example.com,681,False,,9.31,5.24,8.62
98627081364,April Doyle,21,Masculino,janet39@example.org,726,True,4.0,7.23,5.1,7.79
96546458366,Kristen Bowen,22,Masculino,garciachristopher@example.com,749,False,,6.2,7.53,8.62
44426487782,Alexandra Hall,27,Feminino,jason99@example.org,773,False,,7.7,7.89,8.25
48503407070,Rodney Ward,28,Feminino,zpierce@example.org,652,True,5.0,7.96,9.51,7.66
89663969012,Linda Tyler,21,Feminino,nathan44@example.org,792,False,,6.4,8.27,5.1
75854190333,Alexander Hawkins,24,Feminino,aaronyork@example.net,754,True,3.0,9.99,8.11,8.5
83683723149,Kelsey Johnson,22,Feminino,connertom@example.net,658,False,,5.28,5.84,7.21
7740028834,Dr. Jermaine Snyder,27,Feminino,njohnson@example.com,669,False,,5.49,9.13,9.83
54223881242,Travis Mckinney,21,Masculino,thomasjohn@example.com,702,True,4.0,5.33,9.4,8.83
65247482503,David Perez,21,Masculino,lrice@example.net,762,False,,6.78,7.72,5.5
93647785856,Tammy Carter,21,Masculino,cbooth@example.com,661,True,5.0,9.45,5.32,5.53
76404770233,Ryan Gonzales,20,Masculino,dtorres@example.net,728,False,,7.16,5.24,5.81
87098702927,Michael Sharp,19,Feminino,tinatran@example.com,640,False,,5.21,6.79,6.39
94709551166,Joanne Lloyd,20,Masculino,christinemartinez@example.com,660,True,4.0,8.68,7.85,5.87
41689891217,Lee Holland,25,Masculino,jsmith@example.org,723,True,3.0,5.29,5.22,6.3
16581337287,Tammy Chapman,22,Masculino,lmoran@example.net,758,False,,9.3,8.16,7.6
63848167066,Dustin Wallace,18,Feminino,lcervantes@example.org,722,False,,8.28,9.54,6.91
68508545053,Todd Collins,18,Feminino,codygarcia@example.net,789,False,,7.0,7.36,9.33
93726748569,April Williams,28,Masculino,psmith@example.com,727,False,,7.87,8.56,9.5
80665174978,Edward Carter,18,Masculino,georgebrian@example.com,679,False,,8.59,6.52,7.4
18200281726,Jessica Zamora,25,Feminino,eric12@example.net,643,False,,7.42,6.73,9.15
3388523511,Amy Mendoza,25,Masculino,edwardjenkins@example.com,736,False,,6.49,5.91,7.58
62702315837,Terry Santana,28,Feminino,vwilliamson@example.org,745,False,,8.16,7.8,7.65
44956858575,Dominic Rodriguez,27,Masculino,cruzchristopher@example.org,646,False,,6.48,9.89,5.52
13648395153,Jessica Lyons,21,Feminino,renee49@example.com,777,False,,9.28,7.3,5.18
52037961284,Michael Jones,24,Feminino,dgriffin@example.com,789,False,,7.7,6.76,9.98
78129086992,Linda Malone,20,Feminino,hjones@example.org,673,False,,5.4,9.5,7.81
32730452300,Samantha Bradley,28,Feminino,iodonnell@example.org,656,False,,5.15,9.51,6.17
51933793426,Michael Hernandez,26,Masculino,mark09@example.com,645,False,,9.58,5.4,5.65
17992787230,Kimberly Gaines,19,Masculino,wesley06@example.com,676,False,,9.87,8.4,8.98
96777419255,Kimberly Martinez,23,Masculino,stephaniesmith@example.com,742,False,,6.63,9.97,8.15
29915019492,Jeffrey Villa,26,Feminino,william11@example.com,763,True,2.0,6.6,7.47,9.21
71539160834,Kristopher Nelson,25,Masculino,smithedward@example.net,642,True,7.0,8.21,7.5,9.49
89899672817,Amy Miller,18,Feminino,joseph17@example.com,795,False,,5.43,5.14,6.94
77996231987,Kimberly Ford MD,27,Masculino,michellelindsey@example.net,766,False,,9.61,8.1,8.18
28187693964,Edwin Castillo,25,Feminino,jrodriguez@example.com,741,False,,9.0,5.2,9.51
52176675014,Tony Jones,25,Masculino,hilltodd@example.com,707,False,,7.44,8.1,8.83
48760277138,Robert Phillips,22,Feminino,christopher55@example.com,728,True,2.0,7.67,7.41,9.36
3511154899,David Ramos,18,Feminino,velazquezzachary@example.com,789,True,7.0,6.48,6.69,9.59
29553927037,Christopher Harris,21,Masculino,simmonsjoseph@example.com,800,True,2.0,6.64,5.71,9.87
2382563995,Tiffany Campbell,26,Feminino,masseyjonathan@example.org,711,True,5.0,5.65,9.44,7.18
3839123155,James Rocha,26,Feminino,jbrewer@example.net,726,False,,8.98,5.62,8.96
59923659413,Michele Carter,24,Feminino,lsmith@example.org,655,False,,8.5,7.19,7.85
84660278914,Laura Ramirez,21,Feminino,steinmichael@example.org,699,True,5.0,5.6,8.1,9.15
39803983419,Nicole Turner,24,Masculino,alex88@example.org,681,True,5.0,8.68,7.37,5.81
54938652848,Angela Macias,20,Feminino,adamcunningham@example.org,727,False,,8.97,6.29,5.11
71494328077,Jonathan Stafford,24,Masculino,kimberly05@example.com,694,False,,9.95,5.34,9.5
40871258059,Jerry Watts,28,Masculino,sharon30@example.net,670,True,8.0,7.3,8.57,5.2
5114980437,Nicholas White,26,Feminino,scampos@example.com,796,False,,6.87,6.18,6.87
2530460100,Timothy Stone,21,Masculino,riverakim@example.org,681,False,,7.3,8.49,9.12
96186907729,Diana Hood,27,Feminino,davislinda@example.org,776,False,,5.1,6.28,8.78
95951552328,Michael Reyes,21,Masculino,john11@example.org,656,True,3.0,8.21,7.96,9.61
87492418257,Christopher Roberts,20,Masculino,whall@example.com,769,False,,8.6,5.66,5.36
8567569,Andrew Evans,19,Feminino,alvaradoallison@example.net,647,False,,6.53,7.8,8.78
89078846379,Sean Fritz,26,Feminino,foxmatthew@example.org,768,False,,8.12,5.1,6.89
6436411390,Richard Collins,18,Masculino,dawnmartinez@example.com,775,False,,8.36,5.9,7.44
62294832223,Jeffrey Alexander,28,Masculino,peternguyen@example.net,740,False,,9.96,7.61,6.76
90165147222,Kathy Carrillo,22,Masculino,qmurray@example.net,686,False,,9.34,7.1,7.95
65231270154,Brooke Harding,21,Feminino,oduke@example.com,645,False,,6.82,8.45,7.99
95322525269,Sarah Baker,25,Masculino,gina46@example.net,779,True,6.0,8.53,7.97,8.71
50984660832,Jonathan Conley,19,Masculino,bryan12@example.net,738,False,,8.34,6.96,9.5
73985561267,Brandon Moss,28,Masculino,vtaylor@example.com,760,False,,7.85,6.81,5.58
19498728305,Peter Lopez,20,Feminino,stacey81@example.org,666,False,,8.12,9.3,6.69
67839473464,Heather Keith,23,Feminino,murphydarren@example.org,778,False,,5.62,9.98,9.69
37292358819,Dr. Daniel Ray,28,Feminino,sherri07@example.com,653,False,,6.73,8.21,7.21
16280085958,Susan Jensen,26,Masculino,rparks@example.net,720,False,,6.53,8.9,7.89
76739471327,Dean Cannon,25,Feminino,alexmacdonald@example.com,679,False,,8.42,6.73,8.53
22536192863,Michael Richards,22,Masculino,daviselizabeth@example.net,697,False,,8.4,6.2,8.65
82550095750,John Parker,25,Masculino,katrinawright@example.net,799,True,5.0,8.8,6.91,6.57
10898021997,Ashley Parker,28,Feminino,david31@example.net,787,True,7.0,9.95,5.16,5.72
21321430556,John Harper,25,Feminino,jonathanlandry@example.com,740,False,,6.29,7.47,9.4
33140293566,Anita Price,25,Feminino,melindatate@example.com,776,True,5.0,8.35,8.38,6.87
92743690014,Kristen Smith,26,Feminino,taylor82@example.org,697,False,,5.51,9.88,9.24
1549591912,Christine Davis,25,Feminino,denise94@example.com,744,False,,8.75,9.33,8.5
97620097339,Howard Bentley,25,Masculino,hbrown@example.org,690,False,,8.96,6.95,8.93
24546284232,Victoria Martin,18,Feminino,kyle61@example.com,664,True,3.0,9.19,8.58,8.84
1684501691,Tyler Quinn,18,Feminino,charles22@example.net,778,False,,9.47,6.23,8.9
97612208281,Michael Wheeler,20,Feminino,mcconnellnicole@example.org,730,True,6.0,7.31,8.63,9.66
90745491307,Tamara King,18,Feminino,adamsstephanie@example.com,783,False,,9.23,5.46,6.18
58320815234,David Schroeder,20,Masculino,svargas@example.net,665,True,7.0,9.74,5.81,9.68
60583684882,Kyle Stone,25,Feminino,ymartinez@example.org,766,False,,9.32,9.62,6.17
56337059161,Preston Moon,20,Feminino,rossraymond@example.org,776,False,,8.26,9.7,7.44
40323875130,Rebecca Blair,26,Feminino,kramirez@example.org,649,True,7.0,6.8,5.63,8.29
73715703070,Todd Johnson,20,Feminino,mgaines@example.com,658,False,,9.9,5.26,8.14
17651551591,Angela Morris,25,Feminino,ian48@example.net,670,True,5.0,5.51,9.66,6.74
54918275976,Gabriel Bryant,20,Masculino,vanessa20@example.net,718,False,,8.76,5.13,8.13
40627460823,Robert Macdonald,26,Feminino,molly68@example.net,693,True,6.0,9.15,7.83,5.51
76724057574,Shane Rubio,27,Masculino,carpenteramanda@example.org,746,False,,8.26,8.1,5.77
59494557458,Anna Valencia,23,Feminino,jenna56@example.com,741,True,3.0,9.81,6.7,5.34
36235907189,Cody Martinez,25,Masculino,jason69@example.com,754,False,,9.8,5.2,7.66
21431213053,Jessica Hernandez,23,Feminino,dwalls@example.net,769,False,,6.86,5.9,6.57
46058930616,John Bush,27,Feminino,myerssharon@example.net,757,False,,5.1,5.87,5.28
3271076978,Katherine Cox,20,Masculino,stephenrivera@example.com,696,False,,5.64,7.3,9.65
42750284599,Amber Smith,24,Masculino,debra29@example.net,720,False,,5.9,7.5,9.64
80307325725,Nicole Lewis,28,Masculino,morriskimberly@example.org,698,True,7.0,6.15,9.77,5.99
64088136605,Tiffany Wheeler,23,Feminino,lewisdanny@example.com,719,True,4.0,8.38,7.33,7.25
5971858194,Christine Bartlett,22,Masculino,julianchristensen@example.org,659,True,8.0,9.92,8.18,5.9
96617819980,Dr. Jennifer Hernandez MD,22,Feminino,cgraves@example.net,654,False,,7.87,9.55,9.83
11062645657,Amy Mclaughlin,24,Masculino,katelynstephens@example.org,646,False,,8.67,5.59,6.39
68835484965,Brandi Osborn,26,Masculino,fjohnson@example.net,672,False,,9.58,6.92,9.85
43204182869,Jesse Munoz,26,Masculino,scottsimmons@example.org,787,False,,6.6,8.43,7.22
83382587235,Christy Garcia,28,Feminino,joandean@example.com,655,False,,9.2,9.22,5.1
93845764366,Donald Mccarthy,19,Feminino,john23@example.org,788,False,,7.19,7.34,8.25
62344481295,Julian Kelley,28,Masculino,vincentdaniel@example.com,715,False,,9.41,6.24,5.96
83969544827,Jason Harper,20,Feminino,jeffrey87@example.org,735,False,,5.77,6.96,9.62
71994419842,Lindsey Hernandez,23,Feminino,paul38@example.com,734,True,8.0,7.5,8.89,7.26
6135080745,Daisy Mejia,26,Masculino,mullinscollin@example.net,776,True,4.0,8.94,8.59,9.59
95370437533,Harold Smith,20,Masculino,christopher69@example.org,711,True,1.0,6.3,7.63,5.85
29536046264,Sierra Dickerson,20,Feminino,adamsrichard@example.com,762,True,5.0,6.68,9.39,8.61
55774263,Michael Newman,18,Feminino,vdiaz@example.com,754,False,,8.14,6.85,5.13
80636133784,Lauren Robinson,22,Masculino,qbrandt@example.org,753,False,,6.3,5.21,7.6
40746043460,Danielle Wright MD,19,Masculino,carrtimothy@example.org,682,True,4.0,9.53,6.13,5.36
47205845738,Robert Gonzales,24,Feminino,elizabethfloyd@example.net,642,False,,6.31,6.14,7.6
9690892699,Rhonda Buckley,23,Feminino,salinasjason@example.org,648,False,,8.68,8.22,9.67
5203269655,Terry Cunningham,26,Feminino,erinjackson@example.net,753,True,5.0,8.69,5.45,5.49
81544861075,Erin Lindsey,26,Feminino,james03@example.com,746,False,,9.63,5.72,8.12
52385019351,Michael Ho,27,Feminino,rowekaitlyn@example.net,715,False,,5.94,9.2,6.8
53992128505,Lauren Burgess,25,Masculino,amymata@example.net,752,True,7.0,6.18,9.21,9.47
41116223307,William Ford,23,Feminino,matthew80@example.com,781,False,,8.34,8.54,5.64
69752095070,Rebecca Hernandez,27,Feminino,knapptimothy@example.com,693,False,,7.72,5.31,5.98
79903671518,Tamara Blair,25,Feminino,jasonhill@example.net,781,True,5.0,5.5,5.3,7.27
6130021501,Tristan King MD,22,Masculino,michelemartin@example.org,783,True,7.0,5.91,8.43,5.0
8251208163,Bradley Torres,25,Masculino,bonnie96@example.net,752,False,,6.24,6.57,6.22
69461559309,David Galloway,18,Masculino,kellycharles@example.net,766,False,,7.71,5.7,9.26
54528936419,Laura Stein,21,Feminino,ktrujillo@example.net,648,False,,9.87,8.51,9.12
87866457617,Lorraine Jones,28,Masculino,joannlawrence@example.com,719,False,,5.69,6.13,8.5
7002103776,Garrett Robertson,18,Masculino,burkeanthony@example.net,662,False,,7.73,7.0,8.58
54883823138,Debra Lopez,28,Feminino,zhenderson@example.org,656,True,5.0,7.55,9.83,8.24
970494705,Jason Green,21,Masculino,denise79@example.org,736,False,,8.34,6.6,7.28
81201784300,Jason Rodriguez,26,Masculino,jacksonangel@example.org,773,False,,9.2,5.17,8.79
97854061984,Christopher Fisher,28,Feminino,mreeves@example.org,647,True,3.0,5.84,6.5,9.76
39581223883,Amber Romero,24,Masculino,calvinvasquez@example.com,658,False,,6.2,7.9,9.69
1869970835,Kelli Rodriguez,27,Feminino,rachelandersen@example.com,787,False,,7.64,7.7,5.24
85103466894,Christina Smith,24,Feminino,kvalencia@example.com,699,False,,8.51,7.97,9.46
2251600448,Eric Ramirez,23,Masculino,smithkimberly@example.com,645,True,3.0,8.35,6.98,8.8
5034963207,Samantha Wilson,24,Feminino,joneschristopher@example.org,683,False,,6.66,9.91,6.22
5811100608,Wendy Dorsey,20,Masculino,tylerberger@example.com,676,False,,7.87,5.83,7.13
43693576946,Terry Gregory,23,Masculino,natashabarber@example.org,659,False,,8.29,8.19,8.77
39631663792,Amy Meadows,25,Feminino,vbrown@example.org,674,False,,7.82,6.25,9.87
99784974544,Vanessa Moreno,19,Feminino,ortegamitchell@example.net,668,False,,7.31,5.9,7.12
2182938182,Melvin Wright,18,Masculino,roserhodes@example.org,712,False,,6.48,5.7,9.68
31623800560,Michael Parks,20,Feminino,williehart@example.com,772,False,,6.38,5.7,7.7
43911561812,Wendy Boone,24,Masculino,whitechristian@example.com,674,False,,5.52,8.89,6.58
3407744795,Nicholas Wood,21,Feminino,ashley61@example.com,789,False,,9.65,9.18,9.81
81688577092,Thomas Conner,26,Masculino,steven74@example.org,777,True,3.0,5.87,5.56,7.19
65261362058,John Powers DDS,20,Masculino,wmontgomery@example.net,755,False,,5.31,5.25,8.6
5872479121,Jordan Clark,22,Masculino,marthagutierrez@example.net,776,False,,7.2,6.58,9.11
53089243272,Todd Mason,21,Feminino,djohnson@example.com,663,False,,9.92,6.42,8.97
88809856263,Michael Sanchez,24,Masculino,paynekyle@example.net,716,False,,5.0,5.35,9.2
57419612916,Lucas Cruz,26,Feminino,oking@example.org,722,False,,8.77,6.67,5.16
39353585233,Patrick Ashley,28,Masculino,nancygonzalez@example.org,798,False,,7.66,6.63,7.32
90980674754,David Smith,19,Feminino,derek44@example.net,745,False,,7.8,6.94,9.77
21705184248,Robert Jackson,18,Feminino,robertford@example.org,797,True,7.0,9.75,8.4,7.3
27501770864,John Perez,28,Masculino,castilloroberto@example.net,746,False,,8.98,5.31,7.57
83091832451,Brenda Wall,26,Feminino,bryanpittman@example.org,657,False,,5.67,9.77,7.7
63601445574,Crystal Raymond,27,Feminino,jensenchristopher@example.com,641,False,,8.39,8.27,9.92
37395209736,Robin Washington,20,Feminino,phillipalexander@example.org,738,False,,5.55,5.34,8.97
27671996489,Nicole Webb,27,Masculino,xortiz@example.net,719,False,,6.87,7.19,7.5
69682343255,Juan Torres,28,Feminino,vickieduncan@example.org,751,True,2.0,6.87,6.32,9.76
53337294721,Greg Wilson MD,28,Masculino,garciajoseph@example.org,700,False,,9.7,8.98,8.8
7602267091,Matthew Poole,21,Feminino,ehanson@example.org,706,False,,7.4,5.94,5.94
82678244492,Julie Daniel,27,Feminino,uburnett@example.org,736,True,4.0,9.57,8.69,5.22
26395860813,Joshua Ryan,27,Feminino,rwhite@example.net,760,False,,7.23,9.17,9.72
89711152149,Charles Howell,21,Masculino,navarrovincent@example.org,781,True,8.0,6.36,5.91,9.8
83449480598,Erik Summers,24,Feminino,sylvia28@example.com,709,False,,6.25,5.95,8.35
59178378078,Alexa Henderson,26,Feminino,michaelevans@example.com,775,False,,5.32,7.76,5.1
60815424789,Mr. Vincent Nichols,27,Feminino,latasha59@example.org,708,False,,6.21,7.3,8.47
70366606569,Jennifer Fox,21,Masculino,wongneil@example.org,689,True,4.0,7.34,6.86,5.37
22310661034,Deborah Nguyen,28,Feminino,pturner@example.org,707,False,,6.62,9.45,6.64
75256619055,Logan Parker,24,Feminino,mark11@example.org,650,True,1.0,8.64,7.52,8.64
67501407744,Hannah Wilson,23,Masculino,monica99@example.com,687,True,8.0,7.38,9.48,7.53
65265969184,Jacob Li,18,Feminino,haleyflores@example.com,712,False,,6.51,7.2,9.11
5417334565,Jill Haley,27,Feminino,fprice@example.com,739,False,,5.1,7.26,5.2
45179405980,Jenny Brewer,20,Feminino,lesliebrown@example.com,766,False,,5.94,6.5,5.62
52490954767,Sharon Stewart,25,Feminino,ucastillo@example.net,781,False,,8.18,8.22,7.71
71809727737,Joshua Stewart,18,Feminino,gonzalezelizabeth@example.com,647,True,5.0,7.43,7.25,6.69
92042210407,Nicole Graham,28,Masculino,claytonelliott@example.org,741,True,7.0,8.56,5.1,6.87
25133820888,William Scott,22,Feminino,lawrencestephens@example.com,759,False,,8.24,5.85,9.71
63243691084,George Adams,18,Feminino,rwhite@example.org,711,True,6.0,7.58,9.52,5.51
32208471595,Amanda Edwards,25,Feminino,brendaadams@example.net,743,False,,6.49,6.57,6.1
27695318959,Robert Carter,27,Feminino,charleslee@example.net,651,False,,6.64,7.55,9.1
84721242545,James Johnson,21,Masculino,lisa88@example.net,745,False,,7.84,7.49,8.71
82582449916,Mr. Wesley Henderson,26,Masculino,laura94@example.org,746,False,,9.22,6.64,6.37
25969793595,Mrs. Ashley Hernandez,23,Masculino,mcmahonelizabeth@example.net,733,False,,9.36,5.34,5.63
88333529284,Jennifer Welch MD,21,Masculino,hannahhull@example.org,751,False,,8.9,7.0,5.82
11088063742,Deborah Kennedy,28,Feminino,imiller@example.org,661,False,,6.51,6.88,8.47
93520792422,Timothy Mullins,25,Feminino,juan23@example.com,786,True,4.0,7.81,6.19,6.99
54007802606,Tristan Anthony,28,Feminino,rachel95@example.com,642,True,8.0,5.16,8.99,7.9
60624011358,Karen Francis,26,Masculino,tmcguire@example.com,756,False,,6.46,9.61,5.2
94177092613,Carolyn West,24,Masculino,daniel63@example.org,667,False,,5.85,9.28,6.96
64904484260,Kara Richardson,21,Feminino,qjohnson@example.org,728,False,,8.99,8.6,7.91
35741705043,Michael Walker MD,24,Masculino,chriswade@example.com,663,False,,6.71,6.84,5.27
34170594787,Jennifer Bush,21,Feminino,phillipsdennis@example.org,682,False,,8.56,6.23,9.2
84773669083,Hunter Smith,24,Feminino,joseph25@example.net,702,False,,8.87,8.19,9.36
70620700998,Paul Palmer,18,Masculino,christopherpowell@example.net,786,False,,7.36,7.93,8.8
89644318419,Haley Miller,27,Masculino,geraldshields@example.net,668,False,,7.73,6.35,8.37
24158436096,Taylor Stephens,28,Masculino,danaparker@example.org,751,False,,6.21,8.22,8.6
55456440386,Rodney Harvey,26,Masculino,patrick50@example.org,791,True,6.0,9.68,7.68,9.51
12756870708,Melissa Cowan,18,Feminino,lmartinez@example.com,656,True,3.0,7.95,6.85,6.95
17546954286,John Ellis,23,Masculino,brent92@example.org,780,True,8.0,8.37,7.66,7.8
7854170415,Evelyn Willis,21,Masculino,rileyalexandra@example.com,659,True,6.0,5.11,5.8,7.66
32575399620,John Williamson,22,Feminino,wsmith@example.net,773,True,1.0,8.22,8.28,6.28
54006808279,Patricia Taylor,19,Feminino,earl19@example.com,785,False,,6.83,6.82,6.94
49828234728,Michael Bautista,25,Masculino,davidlove@example.org,646,False,,5.21,9.77,7.9
95443546231,Hannah Sullivan,22,Feminino,justinramsey@example.net,683,True,4.0,6.0,7.6,6.93
12458846905,Mariah Sanders,28,Masculino,rmartin@example.org,673,True,6.0,7.15,7.57,8.11
3048309682,Vernon Fisher,28,Masculino,andreamurphy@example.org,760,False,,8.18,6.4,9.38
41002962870,Jessica Guzman,24,Feminino,vgraham@example.org,722,False,,9.18,7.11,9.1
97061439129,Edward Stevens,23,Masculino,beth31@example.org,711,False,,9.95,6.93,9.77
50939962228,Amy Benton,27,Feminino,nburnett@example.net,748,False,,9.87,5.19,6.38
47278348699,Makayla Wolfe,21,Feminino,shale@example.net,693,True,3.0,6.68,6.17,7.3
19253928445,Mitchell Bowen,21,Masculino,bhorne@example.org,722,True,6.0,5.42,5.1,5.11
86098065364,Susan Sullivan,24,Masculino,samanthawilkins@example.net,722,True,3.0,6.26,5.79,9.94
6392160150,Sara Graham,28,Feminino,allenmark@example.org,705,True,7.0,8.28,7.58,6.27
76899818545,Stephen Castro,26,Masculino,kristen21@example.net,711,True,8.0,7.39,9.23,8.76
19320906028,Beth Strong,27,Feminino,ijohnson@example.net,720,True,4.0,9.28,8.66,6.1
39662684306,David Nelson,19,Masculino,seth36@example.org,707,False,,6.31,6.57,6.96
56823862806,Erica Hughes,20,Feminino,alexisvilla@example.net,699,True,3.0,9.44,9.37,5.98
78015228695,Curtis Bowman,23,Masculino,juliethomas@example.com,799,False,,7.9,5.64,6.84
59170791331,Kevin Morris,20,Masculino,megan90@example.com,726,False,,5.76,7.74,8.17
3231114508,Brian Beck,22,Masculino,simpsonsarah@example.com,677,False,,5.63,5.4,5.95
77531130817,Vanessa Johnson,18,Feminino,nicholas91@example.net,667,True,1.0,7.52,9.31,5.35
15131231477,Ashley Thompson MD,19,Masculino,debramata@example.com,789,False,,9.75,6.18,8.35
54247083642,Peter Myers,23,Feminino,joshua92@example.com,657,False,,6.37,7.81,9.84
38380050973,Kenneth Diaz,24,Masculino,alan97@example.org,649,False,,6.21,5.78,9.65
83882755425,Beverly Martinez,21,Masculino,ksanchez@example.net,646,False,,5.18,8.19,5.47
95819536508,Alex Parker,22,Masculino,qsmith@example.net,696,False,,9.12,7.21,6.5
80861842585,Kimberly Jimenez,27,Masculino,jerry61@example.com,697,False,,5.52,5.32,7.39
88786541149,Jennifer Moore DDS,18,Masculino,tmendez@example.org,745,True,8.0,5.89,6.23,8.72
89780507321,Monica Hebert,25,Feminino,knapperin@example.net,740,True,8.0,5.35,8.43,9.8
13535707949,Julie Stein,28,Masculino,brownnicole@example.com,784,False,,7.43,8.51,9.9
34341659624,Carol Reese,21,Masculino,lcook@example.net,740,False,,6.62,8.5,5.46
94782447266,Deborah Webb,21,Feminino,vdelacruz@example.com,689,False,,5.28,9.33,7.62
94590184807,Jessica Russell,20,Feminino,kennethburns@example.net,710,False,,5.54,8.15,7.89
97606382599,Diana Gordon,23,Feminino,brownjeremy@example.net,679,True,1.0,5.6,7.38,5.83
95926584944,Stephen Reid,27,Feminino,tara67@example.com,660,False,,9.5,7.53,9.45
76640282946,Deborah Martinez,25,Masculino,shannonhampton@example.net,680,True,5.0,7.57,9.95,6.31
15453783904,Alan Gardner Jr.,19,Feminino,cynthia37@example.net,690,True,8.0,5.56,8.89,9.1
38884606402,Bryan Garcia,20,Feminino,wjames@example.com,684,False,,6.3,8.9,8.91
3978199062,Rachel Davis,22,Masculino,webbjoel@example.com,779,False,,9.92,6.18,9.68
87774764748,Leah Thomas,23,Feminino,bradleydavis@example.org,675,False,,5.84,8.65,8.49
28852157018,Mary Smith,21,Masculino,michael53@example.net,679,True,2.0,7.54,7.64,6.55
13267906485,Christopher Chang,22,Feminino,lauren20@example.org,719,False,,7.21,7.3,8.53
62120770784,Thomas Payne,25,Feminino,sara62@example.com,676,False,,8.6,7.31,5.42
28678736847,Julian Avila,23,Feminino,gravesmark@example.net,741,False,,5.8,7.56,8.16
6977715879,Nicole Hensley,18,Masculino,paul01@example.net,740,True,4.0,9.14,8.5,7.93
73873224128,Matthew Kelley,23,Feminino,craig32@example.org,778,False,,7.81,5.85,7.39
85495416099,Karen Martinez,18,Masculino,tonya25@example.com,760,False,,7.89,9.64,5.37
20818294311,Todd Gutierrez,24,Feminino,michaelmarshall@example.net,698,False,,5.22,7.72,5.9
95492321088,Nathan Walter,18,Feminino,mkennedy@example.com,650,False,,9.88,6.16,6.56
23138498818,Andrew Williams,19,Masculino,csimmons@example.net,785,False,,7.35,5.83,5.43
73632370819,Brittney Prince,26,Masculino,norrisjoseph@example.org,687,False,,8.0,6.46,5.8
35039393655,Karen Wall,21,Feminino,stephanie31@example.com,722,False,,5.66,8.92,6.24
41587805184,Patrick Mckay,27,Masculino,vmarshall@example.org,782,False,,8.86,5.37,8.74
16349476253,Jason Marshall,20,Masculino,tanya89@example.net,666,False,,9.43,7.24,7.99
99785853156,Frederick Nelson,21,Feminino,meyersteresa@example.org,675,False,,7.46,9.13,6.13
61473538870,Mr. Jose Foster,23,Feminino,emilyjones@example.com,798,True,8.0,5.52,9.2,7.48
95053412393,Kyle Francis,18,Feminino,jay77@example.org,765,True,4.0,7.17,8.67,5.96
22493865962,Joshua Hunter,27,Feminino,laurayang@example.net,788,False,,6.9,5.2,5.73
68771593676,Paul Mills,26,Masculino,tony61@example.org,784,True,8.0,6.0,8.9,9.28
34093447327,Nicole Cardenas,21,Feminino,obrienmichael@example.org,725,True,6.0,8.99,7.32,5.48
27084122913,Brandon Garrison,28,Feminino,keymichael@example.org,661,True,4.0,8.37,8.9,9.4
34169250661,Heather Davidson,24,Masculino,jared10@example.net,753,True,8.0,6.34,6.81,7.42
42016458527,Stephen Hull,21,Masculino,jarvisbethany@example.com,721,False,,6.11,8.9,7.71
75743584845,Dr. John Fox,26,Masculino,michael99@example.com,644,False,,6.66,5.52,9.7
38906261387,John Thomas,24,Feminino,dustin53@example.com,796,True,1.0,8.81,8.44,6.8
16649129393,Dana Morrow,18,Feminino,andrea45@example.org,672,True,1.0,8.56,5.0,6.15
9505363925,Dr. Dustin Trujillo Jr.,25,Feminino,bfrench@example.net,777,False,,9.46,7.89,7.83
9783255290,Francisco Obrien,21,Feminino,samuelwilcox@example.com,682,False,,5.66,9.8,7.9
8713178560,Charles Mcpherson,28,Feminino,ojones@example.net,745,False,,8.21,6.76,5.3
12906153159,Michelle Garcia,20,Masculino,jerry51@example.com,765,False,,5.66,6.78,6.69
38665317577,Brenda Phillips,25,Feminino,amanda76@example.org,691,False,,9.58,7.74,8.69
72991595013,Larry Lopez,27,Feminino,melissawilliamson@example.net,670,False,,5.93,9.74,6.3
72959313959,Jacob Singh,28,Feminino,josephbailey@example.net,716,False,,9.44,7.31,5.99
92795477788,Deborah Roy,25,Masculino,shieldsbrian@example.org,686,False,,8.49,8.61,9.84
97567055229,Thomas Conrad,26,Masculino,andersendavid@example.net,651,False,,7.81,8.37,5.57
25097926034,David Sampson,23,Feminino,lallen@example.org,775,False,,6.14,8.69,8.39
82999966436,Ryan Walter,20,Masculino,davidsmith@example.com,719,False,,5.45,8.34,8.47
89555562146,Michael Nunez,22,Feminino,rodriguezpamela@example.net,660,False,,6.5,7.5,8.21
92154122672,Brandon Jones,27,Masculino,rodriguezvalerie@example.net,692,False,,6.37,6.36,6.74
14152899092,Thomas Jones,19,Masculino,wilsonjames@example.org,715,False,,8.54,9.55,8.26
48221635285,Joshua Fisher,21,Feminino,aliciabaker@example.org,641,True,8.0,8.6,5.43,9.62
70089396705,David Adams,18,Masculino,upatel@example.net,701,True,8.0,8.38,7.81,6.65
56458631095,Janice Hanson,24,Feminino,mcclurejeffrey@example.net,706,False,,9.65,5.4,8.39
93800174392,Joel Pineda,24,Feminino,jacquelinecarey@example.org,717,False,,9.17,6.41,5.9
79663620787,Mary Underwood,21,Feminino,william48@example.org,675,False,,5.63,9.29,8.97
37836626828,Brandon Harris,25,Feminino,egomez@example.org,722,True,7.0,8.99,8.17,7.36
41058280276,Andrea Murphy,27,Feminino,fwade@example.com,682,True,7.0,8.57,8.71,8.19
34910646854,Lisa Frost,21,Feminino,tammygutierrez@example.org,701,False,,6.13,9.1,7.96
52722941665,Jessica Harding,19,Feminino,brenda83@example.org,732,False,,7.48,5.24,9.69
94253474866,Regina Austin,26,Feminino,jeanstanley@example.net,684,False,,6.5,6.17,5.34
34215658660,Jennifer Salazar,27,Feminino,derek37@example.net,767,False,,7.1,9.57,9.48
41298592543,Victoria Adams,25,Feminino,gregoryboyle@example.net,679,False,,6.99,5.79,9.17
81203294801,Elizabeth Huffman,22,Feminino,michelleferguson@example.net,725,True,7.0,9.7,7.87,9.9
68554108098,David Mcdonald,24,Masculino,hunterchristina@example.net,798,True,3.0,9.53,7.43,9.54
21742016404,Laura Lee,23,Feminino,gvelazquez@example.net,742,False,,7.27,9.44,6.1
99465584703,Richard Lane,21,Feminino,btaylor@example.net,776,False,,9.95,9.42,7.88
63816470681,Richard Mann,24,Masculino,joseph17@example.org,766,True,7.0,5.31,7.5,9.97
55348294480,Robert Ramirez,25,Feminino,corywilliams@example.org,745,True,5.0,8.82,8.83,9.94
39629577830,Lucas Ferguson PhD,24,Masculino,lkelly@example.net,796,False,,8.9,8.65,5.48
32272546079,John Flowers,21,Masculino,wilcoxtara@example.net,681,False,,9.86,6.68,6.73
50142694642,Ryan Murillo,28,Masculino,ericdurham@example.net,731,False,,9.2,9.22,8.5
10839478185,Matthew Lane,22,Masculino,william21@example.org,652,False,,5.79,7.96,5.42
87028698037,Veronica Kirby,22,Feminino,catherine30@example.net,701,False,,8.36,6.34,8.46
50761754963,Angela Diaz,18,Feminino,michael12@example.net,766,False,,8.33,8.96,7.2
24327639324,Michael Schwartz,23,Masculino,melanienelson@example.org,691,True,8.0,7.44,8.47,7.25
75536611484,Michelle Smith,28,Feminino,ashleycollins@example.com,665,True,3.0,9.35,7.35,8.2
95059514236,Lori Rivera,26,Feminino,cruzcory@example.net,657,False,,7.53,7.75,9.64
372520115,Janet Berry,26,Masculino,gbaker@example.org,732,False,,6.22,9.34,7.86
34138110211,Chase Fisher,19,Feminino,billygraham@example.net,787,False,,6.37,9.81,6.62
44785463277,Chelsea Floyd,18,Feminino,anthony65@example.org,675,False,,9.97,8.89,5.81
22335715736,Mrs. Jade Patterson,20,Masculino,reneegreen@example.com,790,True,3.0,6.27,9.48,9.54
11672260339,Jesse Brown,22,Feminino,zlewis@example.com,641,False,,8.49,5.45,5.9
68706306892,Jeffrey Hanson,27,Masculino,dedwards@example.net,790,False,,8.55,6.61,5.35
33517060739,Joseph Mccarthy,18,Masculino,alejandrochristensen@example.com,719,False,,6.7,5.54,7.97
78430782304,Matthew Galloway,18,Masculino,anelson@example.com,799,True,4.0,7.46,9.94,6.12
86484845116,Robert Anderson,23,Masculino,kimberlylittle@example.org,696,False,,6.25,6.78,6.64
39198839607,Nicholas Aguirre,26,Feminino,kevinclay@example.org,651,False,,6.9,6.12,6.44
5170085185,Kathleen Lawson,20,Masculino,janice11@example.org,692,False,,5.29,7.86,8.73
53097583390,Kristin Cummings,28,Masculino,freemanpamela@example.org,698,False,,9.1,9.44,7.81
63167391171,Kimberly Boyd,20,Feminino,shanebryant@example.net,753,False,,7.43,5.66,7.79
49412111926,Jodi Powers,21,Masculino,sherryarroyo@example.com,686,False,,9.84,6.51,9.4
29582911591,Timothy Dean,22,Feminino,michaelsanchez@example.net,794,True,1.0,7.37,8.63,8.57
79028866136,Erika Parker,26,Feminino,mary62@example.net,743,False,,5.83,5.94,7.94
52053227238,Tamara Wood,18,Feminino,rwilkinson@example.com,709,False,,6.98,7.5,8.68
6473320816,Latoya Young,24,Feminino,james55@example.com,759,False,,7.29,5.71,6.27
79758379164,Carrie Evans DVM,26,Masculino,ramirezashley@example.org,688,False,,9.69,7.13,9.3
97921783709,Debra Johnson,18,Feminino,marvinjones@example.org,770,False,,5.66,8.22,8.71
10125409229,Courtney Parks,24,Masculino,daniellethompson@example.com,661,False,,5.26,7.25,6.76
60952087062,Mark Griffin,25,Feminino,casey00@example.com,727,False,,5.71,6.5,7.44
10175328728,Robert Ortiz,18,Masculino,angelaking@example.com,800,False,,6.83,9.65,5.28
99127074587,Christopher Thompson,19,Feminino,bturner@example.net,740,False,,7.37,8.62,7.57
86816873365,Stanley Hunter,26,Feminino,christopher28@example.com,794,False,,8.16,7.33,6.65
77781716026,Howard Johnson DDS,23,Feminino,holmesmichelle@example.net,783,False,,7.49,5.42,7.3
91122306753,Jennifer Wright,22,Masculino,millerbrianna@example.net,707,False,,6.45,9.69,5.98
78057263932,Yvonne Davis,28,Feminino,castrolaura@example.net,662,False,,8.66,7.4,5.3
22177333694,Kimberly Gordon,28,Masculino,browndonald@example.org,684,True,6.0,6.43,9.29,9.91
91758195178,Grace Roy,26,Masculino,richardtaylor@example.org,662,False,,6.22,7.31,6.64
85201612134,Dylan Griffin,27,Masculino,timothy84@example.net,644,False,,6.33,7.78,6.22
52292539735,Jennifer Patel,21,Masculino,cody97@example.org,644,False,,8.15,5.31,6.4
33086738828,Angela Gonzalez,25,Feminino,john11@example.org,766,False,,6.14,9.94,5.18
61126859848,Tyler Mckee,27,Feminino,mclaughlinfrank@example.net,679,True,6.0,8.53,6.21,7.14
55000419139,Andrea Glass,23,Feminino,sherry76@example.com,697,False,,7.6,8.56,5.34
5266199655,Ann Brock,26,Masculino,smithsuzanne@example.net,648,False,,5.2,5.5,7.9
92571941496,Carl Fox,28,Masculino,gabrielpearson@example.net,672,False,,6.6,7.68,8.25
78910928251,David Clark,25,Feminino,nicolethomas@example.com,675,False,,8.49,6.51,6.43
10050450722,Michele Wilkinson,27,Feminino,stephenschristian@example.com,724,True,6.0,5.15,7.32,5.8
52897541963,Taylor Schroeder,23,Masculino,brodriguez@example.org,675,False,,5.86,7.37,6.71
29222870670,Shelley Rodriguez,21,Feminino,jonathan27@example.net,742,False,,9.26,6.56,6.7
78655656410,Megan Powell,22,Masculino,daniel30@example.net,714,True,8.0,5.85,8.96,9.23
34711549405,Daniel Bradley,24,Masculino,zobrien@example.net,661,True,3.0,7.82,9.92,5.34
55294003309,Tricia Johnson,21,Feminino,laura00@example.net,660,False,,7.57,5.79,5.36
91012954931,Patrick Ferguson,21,Feminino,xweber@example.org,716,False,,9.69,8.51,7.63
27371763550,Edward Ellis,22,Feminino,thompsonoscar@example.net,775,True,6.0,6.3,8.52,7.12
30475186012,Jocelyn Hurst,23,Masculino,tmorse@example.com,705,False,,6.66,8.23,7.65
88725787420,Sophia Jones,21,Feminino,kcollins@example.org,734,False,,5.45,7.17,8.1
61027631174,Dakota Knight,23,Feminino,mitchellwilson@example.com,782,False,,7.22,6.53,5.37
44002904028,Kari Medina,24,Feminino,davidstrickland@example.com,744,True,5.0,5.11,7.4,6.21
36528836192,Jaime Mills,27,Feminino,csmith@example.com,648,False,,8.67,5.25,9.57
75701162333,Jessica Clark,21,Feminino,cheryldiaz@example.net,744,False,,8.72,7.84,5.11
30913428491,Gabriella Rogers,22,Feminino,williamsjeffrey@example.net,746,False,,7.59,7.0,9.14
29948098704,Jason Goodman,28,Masculino,gphillips@example.net,796,False,,6.7,5.38,9.24
27657559916,Levi Welch,18,Masculino,erica17@example.net,653,True,6.0,9.53,9.97,7.91
15464346099,Nicholas Oconnor,26,Masculino,alexandra02@example.org,655,False,,6.48,6.33,6.76
8211373744,George Flores,24,Masculino,heatherstevens@example.org,692,False,,8.54,6.76,9.41
65385734561,Teresa Williams,25,Feminino,emilyfoley@example.net,658,True,4.0,9.22,9.15,5.47
79997108841,Gary Strickland,21,Feminino,uzimmerman@example.com,761,False,,5.55,7.5,9.96
86214111423,Melanie Howard,23,Feminino,griffinelizabeth@example.net,776,False,,9.73,9.66,5.21
98315337416,Emily Lawrence,22,Feminino,cookrussell@example.com,640,False,,7.8,5.38,7.5
40499846372,Phillip Roberts,24,Feminino,loretta88@example.net,661,False,,7.38,9.23,7.97
28410006019,Devon Schmidt,18,Feminino,xking@example.com,645,False,,8.85,5.3,7.74
68906593340,Jennifer Green,22,Masculino,cameron21@example.org,698,False,,5.68,9.57,5.32
17918304557,Michaela Williams,25,Feminino,virginiasolis@example.org,769,True,2.0,7.9,8.17,5.2
14782325389,Michael Gonzales,28,Feminino,jhickman@example.net,681,False,,8.98,7.65,9.99
94990030743,Amanda Robinson,20,Feminino,pphillips@example.com,773,False,,7.7,9.38,9.75
74045114924,Amanda Cox,18,Feminino,iduran@example.com,724,False,,8.38,6.39,5.15
88428842877,Diane Butler,22,Masculino,rrasmussen@example.com,750,False,,7.95,7.13,9.31
74530146015,Patrick Moore,18,Masculino,brian71@example.net,702,False,,9.75,7.5,6.2
31861477444,Dr. Kristina Mckay,25,Feminino,tonygonzalez@example.org,755,True,6.0,8.59,7.61,5.66
86475696533,Ryan Oliver,27,Feminino,suttondebra@example.net,761,True,3.0,5.53,8.5,9.39
62127610366,Michelle Olsen,19,Feminino,mccormickamy@example.net,683,False,,6.13,6.58,8.4
10413106331,Gary Cabrera,18,Masculino,hamiltonbrandi@example.org,747,False,,7.97,9.61,9.66
35920481440,Jessica Arellano,20,Feminino,gpalmer@example.net,652,False,,7.11,7.93,7.81
37404010182,Alexis Lopez,19,Masculino,dmoore@example.com,674,True,3.0,5.6,8.41,6.1
71865603868,Danny Foster,18,Masculino,ckoch@example.com,764,False,,9.37,9.38,9.27
66885045093,Christopher Price,18,Masculino,lcastro@example.net,694,False,,7.7,6.55,6.5
86450120642,Paul Holmes,26,Feminino,yramos@example.org,649,False,,8.22,9.46,6.94
39920516175,Anthony White,18,Masculino,reedshawn@example.org,797,False,,8.1,8.36,6.63
55518508186,Nancy Brown,24,Feminino,jessica08@example.org,775,False,,8.96,8.93,5.63
5145796484,Dean Watkins,21,Masculino,kburke@example.com,747,False,,9.12,8.37,5.5
82006849746,Daniel Cherry,22,Masculino,brownmatthew@example.org,641,True,3.0,9.7,5.9,6.65
94463346209,Stephen Clark,28,Masculino,chavezshannon@example.org,707,False,,8.45,8.3,6.37
55778387376,Michelle Hahn,24,Masculino,scottlindsey@example.org,782,False,,5.43,5.81,9.8
77625861264,Abigail Hernandez,25,Feminino,sullivantammy@example.net,724,True,2.0,6.49,7.6,6.61
41342884797,William Chang,24,Masculino,sherry12@example.com,660,False,,6.1,8.9,7.8
75786445418,Jessica Martin,28,Feminino,lbrock@example.com,727,True,7.0,9.87,7.77,9.54
82202836141,Jordan Nunez,22,Feminino,gburns@example.org,646,False,,9.18,7.88,8.36
67590897691,Patricia Lewis,22,Feminino,nicholas42@example.net,758,False,,6.27,5.67,5.56
81506712395,Nancy Terry,22,Feminino,kimberlybaker@example.org,756,False,,6.89,7.48,9.71
22696310239,Leslie Mercado,24,Masculino,awall@example.com,787,False,,6.5,7.5,5.26
44857719166,Victor Jackson,23,Feminino,sharonchavez@example.net,738,False,,5.16,7.64,9.91
27594531656,John Lucas,25,Feminino,stacey06@example.com,792,False,,9.9,9.42,5.56
22198784557,Christina Jones,22,Feminino,amandagonzalez@example.com,711,False,,8.86,6.88,9.36
86132993268,Cody Gallagher,18,Masculino,morriselizabeth@example.org,782,False,,5.59,9.66,6.88
19972462227,Keith Hines,24,Feminino,tiffanyibarra@example.org,766,True,5.0,6.3,5.27,9.98
45337011370,Mrs. Brandy Harris,22,Masculino,toni11@example.net,729,False,,9.73,7.92,7.4
20627220825,John Garcia,22,Masculino,patrickpadilla@example.net,666,False,,9.27,8.36,7.9
55870621469,Anthony Nielsen,19,Masculino,rpatel@example.org,718,False,,5.96,7.67,7.21
98094994206,Elizabeth Martinez,26,Feminino,ericconley@example.net,747,False,,7.32,6.4,8.18
13044864147,Julie Collins,19,Masculino,youngpaige@example.net,649,False,,5.95,5.15,9.7
86136148691,Richard Graham,22,Masculino,catherinerandall@example.net,695,False,,7.24,9.3,6.57
34942072249,Scott Jenkins,25,Masculino,vpark@example.com,727,False,,9.16,6.78,5.83
44415443959,Kristina Harper,21,Feminino,cassandralester@example.com,727,False,,8.37,7.41,9.42
89673833831,Elizabeth Long,27,Feminino,jennifer96@example.org,724,False,,8.17,6.87,7.77
80917089250,Deborah Martin,24,Feminino,reesejesus@example.net,772,False,,6.25,6.37,9.8
98291692986,Deborah Bradley,27,Masculino,justintaylor@example.net,720,True,3.0,7.0,5.62,7.68
71195605962,Tammie Arroyo,23,Masculino,hartjason@example.net,770,False,,5.51,5.54,7.46
47144027112,Patricia Sanford,22,Feminino,davidhumphrey@example.net,755,False,,9.82,5.39,9.29
44998167807,Christopher Nunez,23,Masculino,crystal47@example.com,720,False,,7.24,7.76,8.5
8123415742,John Williams,28,Feminino,johnford@example.com,729,False,,8.86,5.52,6.35
39389299582,Guy Davis,23,Masculino,kathrynhale@example.net,736,False,,7.52,5.15,7.19
67985443432,Michelle Green,19,Masculino,deanjohnson@example.org,685,False,,5.92,6.2,6.25
44785168074,Jennifer Taylor,24,Masculino,wcalderon@example.org,784,False,,6.51,5.28,8.41
82471394623,Juan Garcia,28,Masculino,robertvalencia@example.org,736,False,,5.47,6.18,7.72
13182529502,Jennifer Miller,26,Feminino,cassiedavis@example.net,741,False,,9.59,7.2,8.15
32839867750,Ms. Lindsey Estrada,20,Feminino,jeannolan@example.net,688,False,,7.4,8.14,6.41
61324855397,Jennifer Torres,23,Feminino,pbaker@example.com,734,False,,9.69,6.37,5.98
42936010379,Marie Rice,23,Masculino,angelicajackson@example.com,749,False,,5.56,7.68,6.35
68536483675,Gary Carr,22,Feminino,abrown@example.org,675,False,,9.89,8.4,8.32
59250570281,Willie Lambert III,25,Feminino,lcook@example.com,713,True,7.0,5.77,6.75,7.53
98519768582,Christine Kerr,18,Feminino,twilliams@example.com,690,True,3.0,9.4,6.15,5.44
37049002888,Haley Davis,21,Masculino,christophermunoz@example.com,645,False,,9.73,7.3,5.9
8444215215,Heather Hunter,26,Feminino,scotthuang@example.net,767,False,,5.29,9.4,8.51
25520587695,Amy Taylor,19,Masculino,flyons@example.net,752,False,,9.94,8.14,8.9
50701707921,Dana Murray,20,Feminino,robinsonsarah@example.net,678,False,,5.1,6.24,9.63
82461346745,Shawn Russell,28,Feminino,echristensen@example.org,658,False,,5.36,5.78,6.19
33609218256,Melinda Baldwin,26,Feminino,underwoodkevin@example.org,717,True,2.0,7.47,5.89,5.53
2879711033,Dr. Rodney Ray,28,Feminino,reillytiffany@example.com,748,False,,7.24,7.81,5.3
97502252436,Madison Elliott,22,Masculino,jamesbutler@example.net,735,False,,8.47,5.89,6.5
43524779926,Rachel Salinas,20,Masculino,adecker@example.org,694,False,,7.67,6.84,6.17
29202494799,Donna Gibson,26,Feminino,davisjohn@example.net,796,False,,6.68,8.22,6.73
22293208391,Lisa Roy,27,Feminino,jose42@example.org,726,False,,7.74,8.72,5.22
5584050816,Cassandra Sanchez,20,Feminino,ashleyfarley@example.net,697,True,8.0,8.62,5.88,5.46
21534062158,Jacob Lee,28,Masculino,wolfdenise@example.org,654,False,,8.6,7.26,9.87
68509650582,Michelle Spencer,18,Feminino,cmoore@example.net,693,True,7.0,6.46,5.15,5.93
38910582283,Darius Martinez,20,Masculino,ravery@example.net,784,False,,5.78,8.72,7.74
89698539770,Sandra Jones,24,Feminino,tracy11@example.net,763,True,7.0,7.37,8.0,9.6
15289963775,Justin Bentley,28,Feminino,mary72@example.org,772,False,,8.0,9.68,9.9
96001910914,Hannah Jones,19,Masculino,rosesean@example.org,720,False,,5.82,5.22,6.78
9390734262,Troy Lin,28,Masculino,blackwellcalvin@example.com,775,False,,6.57,9.17,8.9
10181644753,Mrs. Nina Farmer,21,Feminino,smithbryan@example.net,774,True,2.0,7.16,8.85,9.83
14237157702,Kristy Rodriguez,28,Feminino,josebrown@example.com,772,True,2.0,7.88,7.1,9.17
13944658206,Jamie Hill,27,Feminino,jrodriguez@example.org,665,False,,5.33,6.29,6.2
20434045195,Steven Miller,24,Masculino,oliviajackson@example.com,786,False,,9.33,7.32,6.65
87062984158,John Mathews,21,Masculino,debbiedavis@example.org,692,True,8.0,9.88,8.43,9.62
94151646907,Connor Soto,26,Feminino,millspatrick@example.net,767,False,,8.25,8.94,7.36
71607466453,Edward Robinson,20,Masculino,amanda03@example.com,662,True,3.0,7.7,5.71,5.3
47000312732,Monica Smith,19,Feminino,cordovajose@example.net,735,False,,7.23,9.68,7.87
97227810427,Monica Thomas,22,Feminino,lindsay25@example.net,672,True,8.0,5.47,8.51,6.14
8115951309,Elizabeth Lambert,23,Feminino,princediane@example.org,650,True,1.0,6.33,5.18,8.74
85488059097,Janice Ortega,28,Feminino,davidwoods@example.org,794,True,8.0,9.74,6.24,8.29
72705860550,Corey Cruz,18,Feminino,darrylmiller@example.org,708,False,,6.43,7.28,6.69
29674966565,Lisa Braun,25,Feminino,baileygary@example.org,655,False,,9.17,7.35,9.69
45664463014,John White,20,Masculino,johnsoncarolyn@example.com,655,False,,6.73,5.39,7.9
27799297602,Rebecca Oneal,24,Feminino,cynthiahanson@example.net,693,True,1.0,8.4,5.86,9.53
51985697402,Erica Joseph DVM,27,Feminino,kayla58@example.net,787,False,,9.6,8.23,8.25
20339305671,Craig Gonzalez,20,Masculino,gary27@example.net,702,False,,7.94,5.14,9.11
69384033239,Jaclyn Richard,18,Masculino,jenniferferguson@example.org,665,False,,9.4,5.34,8.7
36149863004,Erin Gibson,27,Feminino,michelle58@example.net,684,False,,8.91,6.33,5.93
67157713674,Kristen Adams,19,Masculino,sowens@example.net,758,False,,6.39,7.87,9.74
25347271721,Andrea Perry,28,Feminino,steven64@example.net,658,True,3.0,8.91,8.27,6.4
55447379034,Trevor Li,20,Masculino,laurahall@example.org,758,False,,9.71,8.43,5.21
79270426684,Monica Andersen,18,Feminino,douglas58@example.net,784,True,2.0,9.58,9.3,9.53
19303912624,Donna Barnes,25,Feminino,jennifer60@example.org,705,False,,7.68,9.17,5.0
75684194925,Robert Fisher,27,Masculino,salinassarah@example.net,662,False,,9.85,6.44,7.29
52873159580,Jessica Young,26,Feminino,doliver@example.net,785,True,4.0,7.5,9.1,7.87
56707229664,Amanda Watson,27,Feminino,steven07@example.net,680,False,,8.52,8.28,7.9
45469550881,Taylor Wells,18,Masculino,gordonangela@example.net,690,False,,9.2,9.53,9.75
46255400369,Sarah Sanders,27,Feminino,codyfloyd@example.org,747,False,,5.99,9.85,9.4
66436024734,Janice Lambert,25,Masculino,dyoung@example.com,750,True,8.0,9.14,9.99,8.29
80228622885,Lauren Bryant,25,Feminino,saranguyen@example.com,646,False,,6.9,9.16,9.74
9688534028,David Dalton,27,Masculino,josephwalton@example.com,643,False,,6.24,7.58,7.25
21962828859,Katherine Rubio,25,Feminino,leslienorris@example.org,655,True,1.0,9.56,6.38,9.18
62351853198,Susan Ramirez,24,Masculino,uanthony@example.net,681,False,,5.12,5.68,8.36
68677631040,Benjamin White,28,Masculino,jefferybest@example.net,788,False,,7.71,9.64,6.24
95899731744,Tamara Reynolds,26,Feminino,qperez@example.org,703,False,,8.89,6.79,6.46
59208669008,Gary Patel,22,Feminino,qsanders@example.org,642,True,5.0,6.24,8.91,6.0
86596654982,Warren Simmons,26,Masculino,dylanwinters@example.com,741,False,,7.63,8.73,9.97
65238775058,Traci Stokes,21,Feminino,stephen16@example.net,653,False,,8.13,8.75,6.58
2097814447,Matthew Clay,20,Feminino,vjackson@example.com,696,False,,5.45,7.83,7.95
33124224472,Sean Davenport,26,Feminino,nwilkerson@example.net,658,True,3.0,6.51,8.45,7.52
92746256577,Caroline Costa,25,Feminino,davidatkinson@example.net,774,False,,5.89,5.59,7.67
34817152301,Melissa Garcia,23,Feminino,heather99@example.com,703,False,,6.93,8.16,5.95
44946641951,Mrs. Dominique Boyd,27,Feminino,hodgejulie@example.net,701,False,,7.71,7.98,8.86
14700327355,Charles Rodriguez,20,Masculino,awood@example.com,787,False,,9.23,5.3,9.72
59850650767,Matthew Jones,26,Feminino,william66@example.net,716,False,,9.47,7.27,6.37
33430574731,Kathleen Nelson,18,Feminino,david17@example.net,750,False,,9.93,8.93,9.6
61981999366,Alexander Smith,25,Masculino,lisahoward@example.net,659,False,,9.73,5.4,7.43
71466978329,Jodi Wiggins,24,Masculino,susanmckinney@example.com,783,False,,8.56,7.69,9.6
25410987123,Thomas Love,27,Feminino,taylorbarnes@example.org,696,False,,9.67,5.68,9.57
60931572650,Donald Kelly,20,Masculino,wardpaul@example.com,761,False,,6.13,6.18,6.52
58518406860,Gary Mendoza,28,Feminino,nicole97@example.com,732,False,,9.0,7.73,5.26
90556696142,Brandon Harris,19,Feminino,brittanywong@example.com,684,False,,7.4,8.48,6.51
21351246553,Kimberly Johnson,22,Feminino,natalie72@example.org,745,False,,8.88,9.3,5.69
56053356164,Maurice Underwood,26,Masculino,laura70@example.net,724,False,,5.8,6.88,7.52
68751338154,Kimberly Hull,18,Masculino,george43@example.net,747,False,,6.68,8.3,8.79
76053303894,Misty Peters,24,Masculino,oharris@example.org,730,False,,9.71,6.48,8.58
43348562483,Jason Jackson,22,Masculino,twright@example.net,675,True,5.0,7.72,9.4,6.7
41077672673,Michael King,20,Feminino,ojohnson@example.net,755,True,8.0,5.8,5.11,9.52
97880454665,Carl Watkins,24,Feminino,ashley25@example.net,778,False,,8.51,7.57,8.17
55766443518,Charles Baker,25,Masculino,sanchezrobert@example.net,733,True,1.0,7.38,5.68,6.93
87738097381,Kim Bowman,27,Masculino,murphyjeremy@example.net,745,True,3.0,6.84,5.8,6.23
21767019991,Richard Stephens,22,Masculino,madisonmaddox@example.org,714,False,,5.14,5.44,9.17
52635522718,Jennifer Chang,25,Feminino,qrasmussen@example.net,676,False,,5.33,6.34,6.78
74679689616,Christy Guerra,18,Masculino,terrence46@example.net,741,False,,6.87,6.11,6.24
64430793052,Eric Fox,28,Feminino,hschroeder@example.org,690,False,,5.68,5.21,8.26
61371315259,Brian Pruitt,23,Masculino,fisherphillip@example.org,691,False,,6.1,5.95,8.91
5456884154,Maureen Bryant,25,Feminino,gbrown@example.net,754,True,1.0,9.99,9.93,8.69
50055172396,Thomas Scott,24,Masculino,dominiquerios@example.org,652,False,,6.42,6.55,5.84
75987651114,Robert Perry,28,Masculino,hoffmandevin@example.net,661,False,,8.11,6.44,9.22
46623845496,Stephanie Hernandez,24,Feminino,andreastephens@example.net,685,False,,5.86,9.74,9.46
1841385785,Erin Gibbs,19,Feminino,nasheric@example.net,779,False,,8.3,6.1,6.93
74275828930,Patricia Cruz MD,26,Feminino,markjohnson@example.org,753,False,,8.85,6.97,7.6
97619416854,Brian Deleon,24,Masculino,angelaroth@example.com,644,True,3.0,5.64,9.74,7.56
40651014557,Timothy Sullivan,22,Masculino,pedrocurry@example.com,681,False,,5.53,5.76,8.84
24229881635,Ann Murillo,25,Feminino,hurleypaul@example.org,652,True,4.0,9.58,6.33,8.48
29199367286,Mia Palmer,22,Feminino,francisgabrielle@example.net,743,False,,7.85,6.31,9.33
65189512736,Mark Lawson,22,Feminino,wheelersteven@example.com,693,False,,9.97,5.88,7.42
46027768305,Shane Martinez,27,Feminino,claydiana@example.net,700,False,,6.97,6.75,9.38
17880352328,Steven Newman,24,Masculino,bradfordthomas@example.com,679,False,,5.79,5.38,8.79
35765672273,Jennifer Mckee,28,Masculino,normanhannah@example.com,789,False,,6.54,7.66,9.54
28164589722,Stephanie Wright,19,Feminino,jimmygarcia@example.net,731,False,,6.2,6.74,8.54
63551514966,Dominic Robinson,24,Masculino,ymoore@example.org,788,False,,7.9,9.69,6.99
44857004028,Amber Soto DDS,18,Masculino,montgomeryjerome@example.org,701,False,,6.17,7.24,9.58
63202937087,Edward Rice DVM,27,Feminino,eedwards@example.net,705,True,5.0,5.8,5.69,6.71
3439889842,Joan Mayer,21,Masculino,ayersjanet@example.net,729,False,,7.63,9.97,8.86
89981187093,Christopher Gaines,27,Masculino,beckyhurst@example.com,791,False,,9.69,9.3,9.78
45244588882,Crystal Evans,24,Masculino,jennifersmith@example.org,774,False,,7.43,7.92,8.11
79107926176,Nicholas Potts,21,Feminino,brian03@example.net,761,False,,8.23,8.14,9.8
96322357354,Larry Johnson,20,Feminino,oherrera@example.net,717,False,,8.38,6.24,9.29
25461297244,Mitchell Burns,20,Masculino,harrisjoe@example.com,777,False,,7.21,8.2,8.9
15891014845,Mitchell Knight,28,Feminino,marcia30@example.org,660,False,,7.75,7.8,5.22
95572629956,Isabel Rubio,24,Feminino,annettemartinez@example.net,725,True,3.0,9.12,7.45,8.58
45102151017,Benjamin Poole,24,Feminino,shunter@example.org,699,True,1.0,8.1,5.58,6.66
66738486034,Mr. Tyler Davis DVM,28,Masculino,seanbowers@example.com,691,True,1.0,8.61,9.53,5.8
28954322480,Bradley Webb,23,Feminino,smithsharon@example.com,702,False,,5.36,7.92,7.81
88528382657,Jason Garcia,24,Masculino,carmendunn@example.org,774,False,,7.33,8.77,9.63
35843580463,Todd Collins,24,Feminino,danielandersen@example.net,694,False,,8.88,6.84,6.69
51308936638,Theresa Perez,28,Feminino,thomassmith@example.com,722,True,4.0,9.32,9.34,9.18
35397593488,Monica Bowen,28,Feminino,perkinsjennifer@example.net,691,True,8.0,5.45,7.47,9.0
37608569953,James Tran,26,Masculino,jonesbryan@example.com,654,False,,6.28,9.14,8.58
11466572026,Robert Goodwin,26,Masculino,hsmith@example.net,794,False,,6.56,9.41,5.72
93925961220,Tracey Fields,20,Masculino,rogersmith@example.net,704,False,,6.7,6.84,7.31
43980431611,Danielle Berry,22,Masculino,ytaylor@example.org,670,False,,6.56,8.49,6.26
12616137147,Kenneth Browning,23,Masculino,marc32@example.com,704,True,8.0,9.93,6.7,9.45
86054223666,Sarah Murray,25,Feminino,charrell@example.com,738,False,,5.54,9.99,7.75
96215509086,David Barber,18,Masculino,ymccall@example.org,697,False,,6.15,5.29,9.1
20705189930,Danielle Diaz,27,Feminino,arnoldmichael@example.net,735,False,,6.31,8.8,9.22
5799291102,Nicole Gallegos,22,Feminino,tgutierrez@example.net,654,True,7.0,5.65,7.21,7.98
95328602045,Raymond Terry,20,Masculino,daniel96@example.org,709,False,,9.79,5.52,9.98
22438350181,Amber Gutierrez,21,Feminino,alijames@example.org,730,True,8.0,9.31,8.98,6.6
88318905605,Caitlin Weaver,18,Feminino,teresa57@example.com,696,False,,7.53,5.55,8.99
81964992805,Sean Graham,28,Masculino,lisabridges@example.com,724,False,,9.76,8.18,8.91
36681111122,Melissa Bolton,28,Feminino,rgonzalez@example.com,715,False,,7.94,9.85,5.47
59807296317,Anthony White,22,Feminino,gmoore@example.com,727,False,,6.86,9.9,8.9
30610304237,Brian Martinez,23,Masculino,courtneynunez@example.net,684,False,,5.66,5.75,5.5
16590735598,Danielle Levine,25,Feminino,gonzalezrachel@example.org,645,False,,9.38,6.4,8.88
82691616842,Curtis Rojas,21,Masculino,blarsen@example.net,760,True,4.0,7.81,6.48,7.87
97660048153,Stephanie Richard,28,Feminino,jamieweiss@example.net,775,False,,5.52,6.85,8.82
37704553569,Craig Martinez,19,Masculino,barnettlatoya@example.net,785,True,7.0,5.61,8.47,9.14
92997399759,Julia Hester,26,Feminino,garrettlisa@example.org,678,False,,9.68,7.6,9.99
42540198633,Jonathan Woods,28,Feminino,deborahthomas@example.com,652,False,,7.22,7.97,6.25
58896947344,Alexander Barker,22,Masculino,johnalexander@example.net,669,False,,8.86,7.98,9.86
2336298162,Mary Hughes,19,Feminino,annehoffman@example.net,664,True,1.0,7.0,8.11,7.1
73582556393,Kristen Manning,18,Masculino,lukedaniels@example.net,798,False,,8.4,7.6,7.28
84201250139,Scott Obrien,26,Masculino,amy10@example.org,640,False,,6.61,7.86,7.62
434075729,Sergio Ali,22,Masculino,steventrujillo@example.net,741,False,,9.0,8.82,9.27
93620443109,Karen Garcia,20,Masculino,andreaedwards@example.org,791,False,,9.53,5.84,5.47
